Mapping parameters for Oncorhynchus tshawytscha (Chinook salmon),,,,,,,,,,
,,,,,,,,,,
"Cite AquaMaps itself as: Kaschner, K., K. Kesner-Reyes, C. Garilao, J. Rius-Barile, T. Rees, and R. Froese. 2016. AquaMaps: Predicted range maps for aquatic species. World wide web electronic publication, www.aquamaps.org, Version 08/2016. ",,,,,,,,,,
,,,,,,,,,,
,,,,,,,,,,
,,,,,,,,,,
Occurrence cells used for creating environmental envelope (n = 514),,,,,,,,,,
Genus,Species,Center Lat,Center Long,C-Square,Depth,SST,Salinity,Primary Production,Sea Ice Conc.,Distance to Land
Oncorhynchus,tshawytscha,27.75,-114.25,7211:374:3,4,18.96,33.63,1117,0,10
Oncorhynchus,tshawytscha,34.25,-122.25,7312:142:1,3985,14.98,33.24,727,0,191
Oncorhynchus,tshawytscha,34.25,-119.75,7311:249:2,236,15.43,33.47,1617,0,19
Oncorhynchus,tshawytscha,34.25,-118.25,7311:248:1,6,16.08,33.47,1457,0,0
Oncorhynchus,tshawytscha,36.25,140.75,1314:360:2,150,19.95,34.2,773,0,18
Oncorhynchus,tshawytscha,36.75,-122.25,7312:362:3,1365,13.43,33.29,1573,0,22
Oncorhynchus,tshawytscha,36.75,-121.75,7312:361:4,200,13.96,33.29,1465,0,8
Oncorhynchus,tshawytscha,37.25,143.75,1314:373:2,7119,17.51,34.14,528,0,252
Oncorhynchus,tshawytscha,37.75,-122.75,7312:372:4,71,12.93,33.18,2002,0,20
Oncorhynchus,tshawytscha,37.75,-122.25,7312:372:3,37,12.93,33.18,1827,0,9
Oncorhynchus,tshawytscha,38.25,-122.25,7312:382:1,15,12.83,33.18,1824,0,3
Oncorhynchus,tshawytscha,39.25,-123.75,7312:393:2,222,12.42,32.88,1761,0,12
Oncorhynchus,tshawytscha,39.75,-124.25,7312:394:3,1276,12.73,32.88,1570,0,49
Oncorhynchus,tshawytscha,40.25,139.75,1413:209:2,424,14.18,33.84,710,0,21
Oncorhynchus,tshawytscha,40.75,-124.25,7412:104:3,130,12.39,32.68,2291,0,12
Oncorhynchus,tshawytscha,41.25,-124.25,7412:114:1,236,12.18,32.54,1745,0,18
Oncorhynchus,tshawytscha,41.75,-124.25,7412:114:3,131,12.18,32.54,1961,0,16
Oncorhynchus,tshawytscha,42.25,-124.25,7412:124:1,81,12.14,32.52,1599,0,8
Oncorhynchus,tshawytscha,42.75,-124.25,7412:124:3,48,12.14,32.52,1755,0,3
Oncorhynchus,tshawytscha,43.75,-124.25,7412:134:3,114,12.23,31.48,1681,0,14
Oncorhynchus,tshawytscha,44.25,-124.25,7412:144:1,85,12.36,31.48,1830,0,18
Oncorhynchus,tshawytscha,44.75,-126.25,7412:246:3,2850,12.75,32.08,719,0,178
Oncorhynchus,tshawytscha,44.75,-124.25,7412:144:3,107,12.36,31.48,1608,0,19
Oncorhynchus,tshawytscha,45.25,-124.25,7412:354:1,227,12.31,30.7,1262,0,49
Oncorhynchus,tshawytscha,45.25,-123.75,7412:353:2,56,11.94,30.7,1998,0,2
Oncorhynchus,tshawytscha,45.75,-123.75,7412:353:4,67,11.94,30.7,2096,0,4
Oncorhynchus,tshawytscha,46.25,-123.75,7412:363:2,30,11.68,30.27,2294,0,7
Oncorhynchus,tshawytscha,46.75,-124.75,7412:364:4,552,12.07,30.27,1309,0,75
Oncorhynchus,tshawytscha,46.75,-124.25,7412:364:3,62,12.07,30.27,2282,0,18
Oncorhynchus,tshawytscha,46.75,-123.75,7412:363:4,8,11.68,30.27,2250,0,4
Oncorhynchus,tshawytscha,47.25,-124.25,7412:374:1,57,11.65,30.27,2190,0,12
Oncorhynchus,tshawytscha,47.25,-122.25,7412:372:1,8,10.3,30.27,2219,0,2
Oncorhynchus,tshawytscha,47.75,-124.25,7412:374:3,27,11.65,31.4,2162,0,4
Oncorhynchus,tshawytscha,47.75,-122.75,7412:372:4,7,10.3,30.27,1958,0,6
Oncorhynchus,tshawytscha,47.75,-122.25,7412:372:3,38,10.3,30.27,2400,0,6
Oncorhynchus,tshawytscha,48.25,-125.25,7412:485:1,161,11.24,31.6,1964,0,74
Oncorhynchus,tshawytscha,48.25,-124.25,7412:384:1,144,11.06,31.6,2061,0,7
Oncorhynchus,tshawytscha,48.25,-123.75,7412:383:2,109,10.78,31.6,2322,0,8
Oncorhynchus,tshawytscha,48.25,-123.25,7412:383:1,75,10.78,30.27,2121,0,12
Oncorhynchus,tshawytscha,48.25,-122.75,7412:382:2,36,10.37,30.27,1876,0,15
Oncorhynchus,tshawytscha,48.25,-122.25,7412:382:1,7,10.37,30.27,2143,0,5
Oncorhynchus,tshawytscha,48.75,-126.25,7412:486:3,424,11.38,31.95,1777,0,92
Oncorhynchus,tshawytscha,48.75,-125.75,7412:485:4,87,11.24,31.6,2455,0,73
Oncorhynchus,tshawytscha,48.75,-125.25,7412:485:3,80,11.24,31.6,2551,0,17
Oncorhynchus,tshawytscha,48.75,-124.75,7412:384:4,102,11.06,31.6,2429,0,6
Oncorhynchus,tshawytscha,48.75,-124.25,7412:384:3,81,11.06,31.6,2348,0,1
Oncorhynchus,tshawytscha,48.75,-123.75,7412:383:4,2,10.78,31.6,2593,0,2
Oncorhynchus,tshawytscha,48.75,-123.25,7412:383:3,37,10.78,31.6,2392,0,15
Oncorhynchus,tshawytscha,48.75,-122.75,7412:382:4,12,10.37,31.6,2112,0,14
Oncorhynchus,tshawytscha,48.75,-122.25,7412:382:3,11,10.37,30.27,2472,0,1
Oncorhynchus,tshawytscha,49.25,-126.25,7412:496:1,71,10.96,31.95,2182,0,15
Oncorhynchus,tshawytscha,49.25,-124.75,7412:394:2,51,10.78,31.6,2537,0,2
Oncorhynchus,tshawytscha,49.25,-124.25,7412:394:1,158,10.78,31.6,2407,0,6
Oncorhynchus,tshawytscha,49.25,-123.75,7412:393:2,161,10.68,31.6,2641,0,14
Oncorhynchus,tshawytscha,49.25,-123.25,7412:393:1,113,10.68,31.6,2742,0,13
Oncorhynchus,tshawytscha,49.25,-122.75,7412:392:2,4,10.17,31.6,2662,0,2
Oncorhynchus,tshawytscha,49.25,-127.25,7412:497:1,1316,11.04,32.13,1330,0,73
Oncorhynchus,tshawytscha,49.25,-126.75,7412:496:2,221,10.96,32.13,1947,0,18
Oncorhynchus,tshawytscha,49.75,-125.25,7412:495:3,81,10.85,31.6,2260,0,1
Oncorhynchus,tshawytscha,49.75,-124.75,7412:394:4,105,10.78,31.6,2314,0,14
Oncorhynchus,tshawytscha,49.75,-123.25,7412:393:3,1,10.68,31.6,2661,0,2
Oncorhynchus,tshawytscha,49.75,-127.75,7412:497:4,1079,11.04,32.13,1681,0,72
Oncorhynchus,tshawytscha,49.75,-127.25,7412:497:3,261,11.04,32.13,2062,0,17
Oncorhynchus,tshawytscha,50.25,-128.25,7512:208:1,839,10.72,31.87,1652,0,71
Oncorhynchus,tshawytscha,50.25,-127.75,7512:207:2,147,10.68,31.87,1933,0,11
Oncorhynchus,tshawytscha,50.25,-125.25,7512:205:1,11,10.65,31.6,2068,0,9
Oncorhynchus,tshawytscha,50.75,-131.75,7513:101:4,2840,10.74,32.18,739,0,202
Oncorhynchus,tshawytscha,50.75,-128.25,7512:208:3,72,10.72,31.87,1926,0,11
Oncorhynchus,tshawytscha,50.75,-127.75,7512:207:4,31,10.68,31.87,1678,0,7
Oncorhynchus,tshawytscha,50.75,-127.25,7512:207:3,55,10.68,31.87,1957,0,9
Oncorhynchus,tshawytscha,51.25,-132.25,7513:112:1,2761,10.42,32.15,710,0,151
Oncorhynchus,tshawytscha,51.25,-129.25,7512:219:1,212,10.41,31.71,1385,0,124
Oncorhynchus,tshawytscha,51.25,179.25,1517:219:1,1195,5.8,32.95,548,0.00084417,17
Oncorhynchus,tshawytscha,51.75,-179.25,7517:219:3,1168,5.88,32.93,608,0.00059417,69
Oncorhynchus,tshawytscha,51.75,-178.75,7517:218:4,683,5.95,32.93,506,0.00126167,17
Oncorhynchus,tshawytscha,51.75,-178.25,7517:218:3,770,5.95,32.93,483,0.00402417,16
Oncorhynchus,tshawytscha,51.75,-177.75,7517:217:4,434,6.01,32.9,536,0.00314839,14
Oncorhynchus,tshawytscha,51.75,-177.25,7517:217:3,473,6.01,32.9,526,0.01,15
Oncorhynchus,tshawytscha,51.75,-176.75,7517:216:4,169,6.08,32.88,522,0.00613311,14
Oncorhynchus,tshawytscha,51.75,-176.25,7517:216:3,313,6.08,32.88,521,0.02,16
Oncorhynchus,tshawytscha,51.75,-175.75,7517:215:4,703,6.15,32.86,543,0.00281667,17
Oncorhynchus,tshawytscha,51.75,-174.75,7517:114:4,1689,6.19,32.83,578,0.00185833,90
Oncorhynchus,tshawytscha,51.75,-174.25,7517:114:3,2223,6.19,32.83,569,0.00661,90
Oncorhynchus,tshawytscha,51.75,-173.75,7517:113:4,2444,6.21,32.81,580,0.00319167,90
Oncorhynchus,tshawytscha,51.75,-172.25,7517:112:3,2761,6.24,32.77,616,0.00061,90
Oncorhynchus,tshawytscha,51.75,-171.75,7517:111:4,2829,6.29,32.74,636,0.00054,100
Oncorhynchus,tshawytscha,51.75,-127.25,7512:217:3,1,10.44,31.53,1422,0,2
Oncorhynchus,tshawytscha,51.75,178.25,1517:218:3,299,5.77,32.95,501,0.00099833,17
Oncorhynchus,tshawytscha,51.75,177.75,1517:217:4,724,5.78,32.95,524,0.0014975,17
Oncorhynchus,tshawytscha,51.75,176.75,1517:216:4,2439,5.81,32.95,575,0.00041417,69
Oncorhynchus,tshawytscha,51.75,176.25,1517:216:3,2367,5.81,32.95,568,0.00028917,100
Oncorhynchus,tshawytscha,52.25,174.25,1517:124:1,1414,5.75,32.97,518,0.00033083,68
Oncorhynchus,tshawytscha,52.25,-174.75,7517:124:2,757,5.92,32.9,505,0.01,16
Oncorhynchus,tshawytscha,52.25,-179.75,7517:229:2,454,5.62,33.02,567,0.00045583,122
Oncorhynchus,tshawytscha,52.25,173.75,1517:123:2,870,5.76,32.97,537,0.000845,16
Oncorhynchus,tshawytscha,52.25,-174.25,7517:124:1,194,5.92,32.9,516,0.00483446,13
Oncorhynchus,tshawytscha,52.25,-176.25,7517:226:1,2374,5.84,32.97,531,0.00449667,16
Oncorhynchus,tshawytscha,52.25,-175.75,7517:225:2,1668,5.88,32.93,521,0.00204,17
Oncorhynchus,tshawytscha,52.25,-173.75,7517:123:2,198,5.95,32.88,572,0.01,16
Oncorhynchus,tshawytscha,52.25,-175.25,7517:225:1,1295,5.88,32.93,492,0.00263667,68
Oncorhynchus,tshawytscha,52.25,-173.25,7517:123:1,338,5.95,32.88,540,0.00226083,16
Oncorhynchus,tshawytscha,52.25,-172.75,7517:122:2,280,5.98,32.84,495,0.00149667,17
Oncorhynchus,tshawytscha,52.25,-172.25,7517:122:1,203,5.98,32.84,512,0.00102417,16
Oncorhynchus,tshawytscha,52.25,-171.75,7517:121:2,381,6.03,32.79,563,0.00067917,68
Oncorhynchus,tshawytscha,52.25,-127.25,7512:227:1,1,10.15,31.53,1706,0,5
Oncorhynchus,tshawytscha,52.25,179.75,1517:229:2,146,5.55,33.02,453,0.00094167,17
Oncorhynchus,tshawytscha,52.75,174.25,1517:124:3,1486,5.75,32.97,528,0.000525,67
Oncorhynchus,tshawytscha,52.75,-174.75,7517:124:4,3253,5.92,32.9,501,0.00065,89
Oncorhynchus,tshawytscha,52.75,-179.75,7517:229:4,853,5.62,33.02,503,0.0003175,164
Oncorhynchus,tshawytscha,52.75,-174.25,7517:124:3,2798,5.92,32.9,502,0.00214917,89
Oncorhynchus,tshawytscha,52.75,-179.25,7517:229:3,1813,5.62,33.02,549,0.00026083,150
Oncorhynchus,tshawytscha,52.75,173.75,1517:123:4,744,5.76,32.97,507,0.00346917,17
Oncorhynchus,tshawytscha,52.75,-173.25,7517:123:3,1408,5.95,32.88,539,0.00070583,89
Oncorhynchus,tshawytscha,52.75,-172.75,7517:122:4,1270,5.98,32.84,535,0.00080333,89
Oncorhynchus,tshawytscha,52.75,-172.25,7517:122:3,906,5.98,32.84,527,0.00081667,89
Oncorhynchus,tshawytscha,52.75,-171.75,7517:121:4,767,6.03,32.79,500,0.00042917,67
Oncorhynchus,tshawytscha,52.75,-171.25,7517:121:3,325,6.03,32.79,484,0.00105333,17
Oncorhynchus,tshawytscha,52.75,-131.75,7513:121:4,207,10.07,31.87,1048,0,10
Oncorhynchus,tshawytscha,52.75,-170.75,7517:120:4,463,6.12,32.75,559,0.00153833,16
Oncorhynchus,tshawytscha,52.75,-170.25,7517:120:3,228,6.12,32.75,576,0.00247,16
Oncorhynchus,tshawytscha,52.75,174.75,1517:124:4,2322,5.75,32.97,494,0.00040083,101
Oncorhynchus,tshawytscha,53.25,-132.25,7513:132:1,17,9.8,32.04,1124,0,4
Oncorhynchus,tshawytscha,53.25,-131.75,7513:131:2,48,9.67,31.87,1196,0,11
Oncorhynchus,tshawytscha,53.25,-166.25,7516:236:1,1234,6.5,32.16,880,0.01,89
Oncorhynchus,tshawytscha,53.25,-172.25,7517:132:1,2255,5.76,32.88,553,0.00038667,120
Oncorhynchus,tshawytscha,53.25,-171.75,7517:131:2,2078,5.84,32.84,571,0.0003725,98
Oncorhynchus,tshawytscha,53.25,-171.25,7517:131:1,1994,5.84,32.84,559,0.0003725,89
Oncorhynchus,tshawytscha,53.25,173.25,1517:133:1,3155,5.62,33.02,497,0.006885,16
Oncorhynchus,tshawytscha,53.25,-170.75,7517:130:2,1999,5.93,32.81,601,0.000345,89
Oncorhynchus,tshawytscha,53.25,-170.25,7517:130:1,1378,5.93,32.81,544,0.00092833,89
Oncorhynchus,tshawytscha,53.75,-164.75,7516:134:4,491,6.64,32.18,816,0.00176167,89
Oncorhynchus,tshawytscha,53.75,-164.25,7516:134:3,796,6.64,32.18,843,0.00047,89
Oncorhynchus,tshawytscha,53.75,-132.75,7513:132:4,12,9.8,32.09,1288,0,3
Oncorhynchus,tshawytscha,53.75,-165.75,7516:235:4,153,6.57,32.16,662,0.01,66
Oncorhynchus,tshawytscha,53.75,-165.25,7516:235:3,336,6.57,32.16,792,0.0014,89
Oncorhynchus,tshawytscha,53.75,-166.75,7516:236:4,9,6.5,32.31,793,0.03,5
Oncorhynchus,tshawytscha,53.75,-170.75,7517:130:4,2132,5.93,32.81,551,0.00028917,144
Oncorhynchus,tshawytscha,53.75,-170.25,7517:130:3,2145,5.93,32.81,547,0.00033167,144
Oncorhynchus,tshawytscha,54.25,-160.75,7516:140:2,965,6.68,32.04,939,0.00065083,118
Oncorhynchus,tshawytscha,54.25,-160.25,7516:140:1,1096,6.68,32.04,984,0.00045667,97
Oncorhynchus,tshawytscha,54.25,-132.75,7513:142:2,231,9.45,31.81,1400,0,11
Oncorhynchus,tshawytscha,54.25,-130.75,7513:140:2,45,9.33,31.17,1604,0,15
Oncorhynchus,tshawytscha,54.25,-130.25,7513:140:1,24,9.33,31.17,1627,0,8
Oncorhynchus,tshawytscha,54.25,-166.75,7516:246:2,817,6.2,32.31,744,0.05,16
Oncorhynchus,tshawytscha,54.25,-166.25,7516:246:1,493,6.2,32.31,729,0.01,16
Oncorhynchus,tshawytscha,54.25,-173.75,7517:143:2,3646,5.55,32.94,472,0.00035917,255
Oncorhynchus,tshawytscha,54.25,-173.25,7517:143:1,3638,5.55,32.94,496,0.00034417,245
Oncorhynchus,tshawytscha,54.25,-165.75,7516:245:2,162,6.26,32.02,780,0.01,14
Oncorhynchus,tshawytscha,54.25,-129.75,7512:249:2,3,9.39,31.17,1766,0,2
Oncorhynchus,tshawytscha,54.25,-172.75,7517:142:2,3576,5.61,32.88,527,0.00035917,227
Oncorhynchus,tshawytscha,54.25,-165.25,7516:245:1,78,6.26,32.02,734,0.02,16
Oncorhynchus,tshawytscha,54.25,-128.75,7512:248:2,1,9.02,31.48,1943,0,0
Oncorhynchus,tshawytscha,54.25,-172.25,7517:142:1,3437,5.61,32.88,510,0.00040083,212
Oncorhynchus,tshawytscha,54.25,-171.75,7517:141:2,3326,5.69,32.82,516,0.00033,203
Oncorhynchus,tshawytscha,54.25,-164.75,7516:144:2,59,6.31,32.02,820,0.05,15
Oncorhynchus,tshawytscha,54.25,-171.25,7517:141:1,3102,5.69,32.82,554,0.0003175,199
Oncorhynchus,tshawytscha,54.25,-164.25,7516:144:1,83,6.31,32.18,916,0.03,16
Oncorhynchus,tshawytscha,54.25,-170.75,7517:140:2,2086,5.76,32.76,510,0.00049667,199
Oncorhynchus,tshawytscha,54.25,-163.75,7516:143:2,89,6.37,32.2,897,0.00737333,65
Oncorhynchus,tshawytscha,54.25,-170.25,7517:140:1,1853,5.76,32.76,551,0.0004,175
Oncorhynchus,tshawytscha,54.25,-163.25,7516:143:1,80,6.37,31.92,1364,0.01,65
Oncorhynchus,tshawytscha,54.25,-159.75,7515:249:2,1561,6.79,32.09,915,0.00051333,88
Oncorhynchus,tshawytscha,54.25,-162.75,7516:142:2,146,6.43,31.92,1238,0.00208167,15
Oncorhynchus,tshawytscha,54.25,-162.25,7516:142:1,333,6.43,31.92,1463,0.0012475,65
Oncorhynchus,tshawytscha,54.25,-161.75,7516:141:2,290,6.55,31.97,1176,0.00083083,97
Oncorhynchus,tshawytscha,54.25,-161.25,7516:141:1,706,6.55,31.97,988,0.00081667,118
Oncorhynchus,tshawytscha,54.75,-160.25,7516:140:3,80,6.68,32.04,1021,0.00381667,64
Oncorhynchus,tshawytscha,54.75,-130.75,7513:140:4,31,9.33,31.17,1937,0,12
Oncorhynchus,tshawytscha,54.75,-130.25,7513:140:3,36,9.33,31.17,1877,0,8
Oncorhynchus,tshawytscha,54.75,-167.25,7516:247:3,461,6.1,32.45,578,0.00042917,96
Oncorhynchus,tshawytscha,54.75,-166.75,7516:246:4,316,6.2,32.31,637,0.00056833,88
Oncorhynchus,tshawytscha,54.75,-166.25,7516:246:3,279,6.2,32.31,667,0.00060917,88
Oncorhynchus,tshawytscha,54.75,-165.75,7516:245:4,256,6.26,32.02,713,0.00557917,88
Oncorhynchus,tshawytscha,54.75,-165.25,7516:245:3,126,6.26,32.02,744,0.03,64
Oncorhynchus,tshawytscha,54.75,-129.75,7512:249:4,12,9.39,31.17,1879,0,0
Oncorhynchus,tshawytscha,54.75,-172.75,7517:142:4,3565,5.61,32.88,547,0.00035917,275
Oncorhynchus,tshawytscha,54.75,-171.75,7517:141:4,3465,5.69,32.82,521,0.00038583,257
Oncorhynchus,tshawytscha,54.75,-164.75,7516:144:4,55,6.31,31.89,799,0.05,11
Oncorhynchus,tshawytscha,54.75,-171.25,7517:141:3,3339,5.69,32.82,526,0.00035917,255
Oncorhynchus,tshawytscha,54.75,-164.25,7516:144:3,45,6.31,31.89,846,0.02,4
Oncorhynchus,tshawytscha,54.75,-159.25,7515:249:3,68,6.79,32.09,1040,0.0013175,16
Oncorhynchus,tshawytscha,54.75,-162.75,7516:142:4,36,6.43,31.92,1107,0.03,16
Oncorhynchus,tshawytscha,54.75,-158.75,7515:248:4,173,6.91,32.06,1056,0.00063583,64
Oncorhynchus,tshawytscha,54.75,-158.25,7515:248:3,524,6.91,32.06,1008,0.00069333,96
Oncorhynchus,tshawytscha,54.75,-161.25,7516:141:3,98,6.55,31.97,1028,0.00284583,88
Oncorhynchus,tshawytscha,54.75,-157.75,7515:247:4,825,7.02,32.11,1116,0.0006375,128
Oncorhynchus,tshawytscha,54.75,-160.75,7516:140:4,82,6.68,32.04,990,0.00758167,88
Oncorhynchus,tshawytscha,55.25,-155.75,7515:455:2,1123,7.09,31.98,957,0.000915,87
Oncorhynchus,tshawytscha,55.25,-163.75,7516:353:2,52,5.61,31.82,781,0.03,14
Oncorhynchus,tshawytscha,55.25,-166.75,7516:456:2,140,5.57,32.13,587,0.0005675,143
Oncorhynchus,tshawytscha,55.25,-163.25,7516:353:1,27,5.61,31.82,1103,0.03,15
Oncorhynchus,tshawytscha,55.25,-166.25,7516:456:1,131,5.57,32.13,606,0.00048417,142
Oncorhynchus,tshawytscha,55.25,-131.25,7513:351:1,45,9.06,31.17,1741,0,10
Oncorhynchus,tshawytscha,55.25,-162.75,7516:352:2,8,5.65,31.82,1017,0.02,10
Oncorhynchus,tshawytscha,55.25,-165.75,7516:455:2,122,5.61,31.98,741,0.00052583,116
Oncorhynchus,tshawytscha,55.25,-165.25,7516:455:1,112,5.61,31.98,895,0.0034425,96
Oncorhynchus,tshawytscha,55.25,-160.75,7516:350:2,58,5.98,32.04,783,0.02,13
Oncorhynchus,tshawytscha,55.25,-160.25,7516:350:1,51,5.98,32.04,707,0.03,15
Oncorhynchus,tshawytscha,55.25,-159.75,7515:459:2,50,6.24,32.09,697,0.03,15
Oncorhynchus,tshawytscha,55.25,-158.75,7515:458:2,136,6.46,31.62,1076,0.00105333,63
Oncorhynchus,tshawytscha,55.25,-158.25,7515:458:1,154,6.46,31.62,1045,0.00095667,95
Oncorhynchus,tshawytscha,55.25,-168.25,7516:458:1,1411,5.5,32.43,569,0.00039917,179
Oncorhynchus,tshawytscha,55.25,-157.75,7515:457:2,67,6.67,31.71,906,0.00073333,116
Oncorhynchus,tshawytscha,55.25,-164.75,7516:354:2,98,5.63,31.89,860,0.00501,87
Oncorhynchus,tshawytscha,55.25,-167.75,7516:457:2,411,5.53,32.27,540,0.00033083,160
Oncorhynchus,tshawytscha,55.25,-164.25,7516:354:1,72,5.63,31.89,844,0.04,63
Oncorhynchus,tshawytscha,55.25,-167.25,7516:457:1,162,5.53,32.27,536,0.00040083,147
Oncorhynchus,tshawytscha,55.25,-156.25,7515:456:1,632,6.89,31.8,1123,0.00085917,96
Oncorhynchus,tshawytscha,55.75,-163.25,7516:353:3,76,5.61,31.82,823,0.00703833,87
Oncorhynchus,tshawytscha,55.75,-166.25,7516:456:3,122,5.57,32.13,626,0.00084583,178
Oncorhynchus,tshawytscha,55.75,-131.75,7513:351:4,24,9.06,31.17,1748,0.04,8
Oncorhynchus,tshawytscha,55.75,-162.75,7516:352:4,56,5.65,31.7,945,0.03,63
Oncorhynchus,tshawytscha,55.75,-165.75,7516:455:4,114,5.61,31.98,749,0.00070667,159
Oncorhynchus,tshawytscha,55.75,-162.25,7516:352:3,45,5.65,31.7,1009,0.02,10
Oncorhynchus,tshawytscha,55.75,-165.25,7516:455:3,105,5.61,31.98,709,0.00140083,141
Oncorhynchus,tshawytscha,55.75,-130.75,7513:350:4,67,9.06,31.17,1785,0.00911392,3
Oncorhynchus,tshawytscha,55.75,-160.75,7516:350:4,18,5.98,31.62,939,0.02,7
Oncorhynchus,tshawytscha,55.75,-160.25,7516:350:3,24,5.98,32.04,799,0.02,8
Oncorhynchus,tshawytscha,55.75,-154.75,7515:354:4,731,7.2,32.27,848,0.00110917,87
Oncorhynchus,tshawytscha,55.75,-159.75,7515:459:4,83,6.24,31.62,712,0.02,10
Oncorhynchus,tshawytscha,55.75,-169.75,7516:459:4,2289,5.49,32.52,578,0.00030333,143
Oncorhynchus,tshawytscha,55.75,-154.25,7515:354:3,884,7.2,32.27,832,0.00093,95
Oncorhynchus,tshawytscha,55.75,-169.25,7516:459:3,2034,5.49,32.52,527,0.0004275,147
Oncorhynchus,tshawytscha,55.75,-153.75,7515:353:4,1953,7.24,32.38,798,0.00086083,115
Oncorhynchus,tshawytscha,55.75,-158.75,7515:458:4,115,6.46,31.62,1005,0.02,16
Oncorhynchus,tshawytscha,55.75,-168.75,7516:458:4,696,5.5,32.43,578,0.00046917,159
Oncorhynchus,tshawytscha,55.75,-151.25,7515:351:3,5033,7.31,32.6,648,0.0007475,209
Oncorhynchus,tshawytscha,55.75,-168.25,7516:458:3,190,5.5,32.43,578,0.00035833,176
Oncorhynchus,tshawytscha,55.75,-157.75,7515:457:4,92,6.67,31.71,949,0.0012325,93
Oncorhynchus,tshawytscha,55.75,-164.75,7516:354:4,96,5.63,31.89,772,0.00112333,115
Oncorhynchus,tshawytscha,55.75,-167.75,7516:457:4,130,5.53,32.27,551,0.0003025,198
Oncorhynchus,tshawytscha,55.75,-164.25,7516:354:3,93,5.63,31.89,764,0.00115083,95
Oncorhynchus,tshawytscha,55.75,-167.25,7516:457:3,133,5.53,32.27,576,0.00052667,201
Oncorhynchus,tshawytscha,55.75,-156.75,7515:456:4,146,6.89,31.8,1025,0.00095667,87
Oncorhynchus,tshawytscha,55.75,-156.25,7515:456:3,222,6.89,31.8,1120,0.00135917,63
Oncorhynchus,tshawytscha,55.75,-163.75,7516:353:4,88,5.61,31.82,782,0.0012475,87
Oncorhynchus,tshawytscha,55.75,-166.75,7516:456:4,129,5.57,32.13,576,0.000525,198
Oncorhynchus,tshawytscha,55.75,-170.25,7517:350:3,2283,5.48,32.61,620,0.00033083,147
Oncorhynchus,tshawytscha,55.75,-155.75,7515:455:4,123,7.09,31.98,987,0.00155333,15
Oncorhynchus,tshawytscha,56.25,-169.75,7516:469:2,212,4.84,32.31,611,0.00058083,87
Oncorhynchus,tshawytscha,56.25,-169.25,7516:469:1,424,4.84,32.31,536,0.00065167,94
Oncorhynchus,tshawytscha,56.25,-168.75,7516:468:2,381,4.75,32.2,564,0.00074833,114
Oncorhynchus,tshawytscha,56.25,-168.25,7516:468:1,172,4.75,32.2,569,0.0012625,138
Oncorhynchus,tshawytscha,56.25,-154.75,7515:364:2,83,7.11,31.54,923,0.004095,15
Oncorhynchus,tshawytscha,56.25,-154.25,7515:364:1,115,7.11,32.16,902,0.00892667,62
Oncorhynchus,tshawytscha,56.25,-167.75,7516:467:2,133,4.62,32.08,582,0.00163583,166
Oncorhynchus,tshawytscha,56.25,-167.25,7516:467:1,122,4.62,32.08,625,0.0018575,194
Oncorhynchus,tshawytscha,56.25,-153.75,7515:363:2,131,7.18,32.16,872,0.003165,87
Oncorhynchus,tshawytscha,56.25,-158.75,7515:468:2,1,5.83,31.62,830,0.02,3
Oncorhynchus,tshawytscha,56.25,-153.25,7515:363:1,580,7.18,32.16,906,0.00105417,94
Oncorhynchus,tshawytscha,56.25,-158.25,7515:468:1,37,5.83,31.62,804,0.03,13
Oncorhynchus,tshawytscha,56.25,-166.75,7516:466:2,114,4.63,31.95,683,0.00205333,223
Oncorhynchus,tshawytscha,56.25,-157.75,7515:467:2,76,6.14,31.71,891,0.03,62
Oncorhynchus,tshawytscha,56.25,-164.75,7516:364:2,87,4.69,31.78,719,0.00424833,159
Oncorhynchus,tshawytscha,56.25,-166.25,7516:466:1,105,4.63,31.95,712,0.00362333,223
Oncorhynchus,tshawytscha,56.25,-156.25,7515:466:1,198,6.52,31.29,967,0.00166333,62
Oncorhynchus,tshawytscha,56.25,-164.25,7516:364:1,85,4.69,31.78,774,0.00317667,146
Oncorhynchus,tshawytscha,56.25,-152.75,7515:362:2,1515,7.25,32.36,900,0.00080417,114
Oncorhynchus,tshawytscha,56.25,-165.75,7516:465:2,94,4.67,31.85,757,0.00363667,198
Oncorhynchus,tshawytscha,56.25,-155.75,7515:465:2,102,6.91,31.54,947,0.00145667,87
Oncorhynchus,tshawytscha,56.25,-163.75,7516:363:2,85,4.62,31.72,851,0.0039975,140
Oncorhynchus,tshawytscha,56.25,-165.25,7516:465:1,89,4.67,31.85,751,0.0063175,176
Oncorhynchus,tshawytscha,56.25,-163.25,7516:363:1,83,4.62,31.72,795,0.00281667,114
Oncorhynchus,tshawytscha,56.25,-172.25,7517:362:1,2345,5.17,32.63,519,0.00038667,194
Oncorhynchus,tshawytscha,56.25,-162.75,7516:362:2,77,4.64,31.7,803,0.00398333,95
Oncorhynchus,tshawytscha,56.25,-171.75,7517:361:2,2378,5.03,32.53,560,0.00038667,166
Oncorhynchus,tshawytscha,56.25,-162.25,7516:362:1,73,4.64,31.7,797,0.00691333,87
Oncorhynchus,tshawytscha,56.25,-171.25,7517:361:1,1358,5.03,32.52,561,0.00038667,138
Oncorhynchus,tshawytscha,56.25,-170.75,7517:360:2,664,4.93,32.43,522,0.00074667,114
Oncorhynchus,tshawytscha,56.25,-170.25,7517:360:1,261,4.93,32.43,607,0.00058167,94
Oncorhynchus,tshawytscha,56.75,-169.75,7516:469:4,96,4.84,32.31,645,0.00460833,15
Oncorhynchus,tshawytscha,56.75,-169.25,7516:469:3,96,4.84,32.31,653,0.00403833,61
Oncorhynchus,tshawytscha,56.75,-168.75,7516:468:4,94,4.75,32.2,618,0.0037475,91
Oncorhynchus,tshawytscha,56.75,-168.25,7516:468:3,98,4.75,32.2,607,0.00387167,122
Oncorhynchus,tshawytscha,56.75,-154.75,7515:364:4,74,7.11,31.54,849,0.01,15
Oncorhynchus,tshawytscha,56.75,-154.25,7515:364:3,7,7.11,32.16,670,0.02,13
Oncorhynchus,tshawytscha,56.75,-167.75,7516:467:4,95,4.62,32.08,651,0.00723417,152
Oncorhynchus,tshawytscha,56.75,-167.25,7516:467:3,90,4.62,32.08,760,0.0081225,183
Oncorhynchus,tshawytscha,56.75,-153.75,7515:363:4,37,7.18,32.16,706,0.02,13
Oncorhynchus,tshawytscha,56.75,-153.25,7515:363:3,101,7.18,32.16,953,0.03,61
Oncorhynchus,tshawytscha,56.75,-166.75,7516:466:4,84,4.63,31.95,724,0.01,213
Oncorhynchus,tshawytscha,56.75,-164.75,7516:364:4,72,4.69,31.78,817,0.01,209
Oncorhynchus,tshawytscha,56.75,-166.25,7516:466:3,79,4.63,31.95,770,0.01,244
Oncorhynchus,tshawytscha,56.75,-164.25,7516:364:3,72,4.69,31.78,752,0.01,197
Oncorhynchus,tshawytscha,56.75,-152.75,7515:362:4,94,7.25,32.36,988,0.00503917,86
Oncorhynchus,tshawytscha,56.75,-152.25,7515:362:3,130,7.25,32.36,989,0.0019975,86
Oncorhynchus,tshawytscha,56.75,-165.75,7516:465:4,75,4.67,31.85,795,0.01,239
Oncorhynchus,tshawytscha,56.75,-155.75,7515:465:4,246,6.91,31.54,991,0.00498417,91
Oncorhynchus,tshawytscha,56.75,-163.75,7516:363:4,72,4.62,31.72,890,0.00952583,175
Oncorhynchus,tshawytscha,56.75,-165.25,7516:465:3,73,4.67,31.85,824,0.02,222
Oncorhynchus,tshawytscha,56.75,-151.75,7515:361:4,607,7.37,32.45,991,0.00173417,94
Oncorhynchus,tshawytscha,56.75,-173.25,7517:363:3,1161,5.22,32.72,627,0.0004,221
Oncorhynchus,tshawytscha,56.75,-155.25,7515:465:3,148,6.91,31.54,1012,0.003345,61
Oncorhynchus,tshawytscha,56.75,-163.25,7516:363:3,71,4.62,31.72,959,0.01,158
Oncorhynchus,tshawytscha,56.75,-151.25,7515:361:3,1807,7.37,32.45,890,0.00060833,113
Oncorhynchus,tshawytscha,56.75,-172.75,7517:362:4,226,5.17,32.63,554,0.0006775,192
Oncorhynchus,tshawytscha,56.75,-172.25,7517:362:3,228,5.17,32.63,580,0.0009425,164
Oncorhynchus,tshawytscha,56.75,-162.75,7516:362:4,68,4.64,31.7,1024,0.01,146
Oncorhynchus,tshawytscha,56.75,-171.75,7517:361:4,177,5.03,32.53,558,0.001455,137
Oncorhynchus,tshawytscha,56.75,-162.25,7516:362:3,67,4.64,31.7,866,0.01,142
Oncorhynchus,tshawytscha,56.75,-171.25,7517:361:3,117,5.03,32.52,570,0.00178833,113
Oncorhynchus,tshawytscha,56.75,-170.75,7517:360:4,116,4.93,32.43,519,0.00244167,91
Oncorhynchus,tshawytscha,56.75,-170.25,7517:360:3,96,4.93,32.43,587,0.00452583,61
Oncorhynchus,tshawytscha,57.25,-165.75,7516:475:2,70,3.81,31.67,904,0.03,279
Oncorhynchus,tshawytscha,57.25,-152.25,7515:372:1,75,7.13,32.33,1329,0.03,15
Oncorhynchus,tshawytscha,57.25,-165.25,7516:475:1,59,3.81,31.67,957,0.04,271
Oncorhynchus,tshawytscha,57.25,-151.75,7515:371:2,72,7.39,32.33,1329,0.00329083,60
Oncorhynchus,tshawytscha,57.25,165.75,1516:475:2,3528,4.13,32.83,747,0.0019975,189
Oncorhynchus,tshawytscha,57.25,-151.25,7515:371:1,212,7.39,32.33,1299,0.00088667,90
Oncorhynchus,tshawytscha,57.25,-150.75,7515:370:2,696,7.59,32.28,1222,0.00058083,120
Oncorhynchus,tshawytscha,57.25,-173.75,7517:373:2,455,4.74,32.53,655,0.00076167,241
Oncorhynchus,tshawytscha,57.25,-173.25,7517:373:1,177,4.74,32.53,744,0.00148333,211
Oncorhynchus,tshawytscha,57.25,-172.75,7517:372:2,125,4.59,32.42,799,0.00274667,180
Oncorhynchus,tshawytscha,57.25,-172.25,7517:372:1,98,4.59,32.42,752,0.00403833,150
Oncorhynchus,tshawytscha,57.25,-155.75,7515:475:2,226,6.69,31.54,1114,0.03,60
Oncorhynchus,tshawytscha,57.25,-155.25,7515:475:1,246,6.69,31.54,1157,0.03,60
Oncorhynchus,tshawytscha,57.25,-164.75,7516:374:2,64,3.87,31.62,915,0.04,257
Oncorhynchus,tshawytscha,57.25,-171.75,7517:371:2,122,4.26,32.31,713,0.0074275,120
Oncorhynchus,tshawytscha,57.25,-171.25,7517:371:1,117,4.26,32.31,719,0.00917833,90
Oncorhynchus,tshawytscha,57.25,-170.75,7517:370:2,73,4.08,32.18,711,0.01,60
Oncorhynchus,tshawytscha,57.25,-170.25,7517:370:1,30,4.08,32.18,709,0.01,14
Oncorhynchus,tshawytscha,57.25,-168.75,7516:478:2,90,3.84,31.95,1040,0.01,112
Oncorhynchus,tshawytscha,57.25,-168.25,7516:478:1,97,3.84,31.95,1138,0.02,137
Oncorhynchus,tshawytscha,57.25,-154.75,7515:374:2,103,6.95,31.54,1173,0.05,13
Oncorhynchus,tshawytscha,57.25,-167.75,7516:477:2,91,3.69,31.84,885,0.02,163
Oncorhynchus,tshawytscha,57.25,-154.25,7515:374:1,5,6.95,32.16,962,0.04,3
Oncorhynchus,tshawytscha,57.25,-167.25,7516:477:1,77,3.69,31.84,829,0.03,191
Oncorhynchus,tshawytscha,57.25,-153.75,7515:373:2,7,7.01,32.16,1024,0.04,3
Oncorhynchus,tshawytscha,57.25,-153.25,7515:373:1,19,7.01,32.16,912,0.03,6
Oncorhynchus,tshawytscha,57.25,-166.75,7516:476:2,71,3.72,31.75,783,0.03,220
Oncorhynchus,tshawytscha,57.25,-166.25,7516:476:1,72,3.72,31.75,893,0.03,249
Oncorhynchus,tshawytscha,57.25,-135.75,7513:475:2,42,8.82,32.18,1223,0.04,10
Oncorhynchus,tshawytscha,57.25,-152.75,7515:372:2,75,7.13,32.36,1086,0.07,11
Oncorhynchus,tshawytscha,57.75,-151.75,7515:371:4,90,7.39,32.33,1373,0.01,59
Oncorhynchus,tshawytscha,57.75,-151.25,7515:371:3,72,7.39,32.33,1278,0.00320583,89
Oncorhynchus,tshawytscha,57.75,-174.25,7517:374:3,1573,4.81,32.65,624,0.0035525,275
Oncorhynchus,tshawytscha,57.75,-150.75,7515:370:4,89,7.59,32.28,1261,0.00077583,111
Oncorhynchus,tshawytscha,57.75,-173.75,7517:373:4,282,4.74,32.53,742,0.00698333,246
Oncorhynchus,tshawytscha,57.75,-150.25,7515:370:3,173,7.59,32.28,1075,0.00077583,134
Oncorhynchus,tshawytscha,57.75,-173.25,7517:373:3,143,4.74,32.53,773,0.01,217
Oncorhynchus,tshawytscha,57.75,-172.75,7517:372:4,121,4.59,32.42,801,0.01,189
Oncorhynchus,tshawytscha,57.75,-172.25,7517:372:3,110,4.59,32.42,825,0.02,161
Oncorhynchus,tshawytscha,57.75,-155.75,7515:475:4,55,6.69,31.54,920,0.03,5
Oncorhynchus,tshawytscha,57.75,-155.25,7515:475:3,162,6.69,31.54,1198,0.04,11
Oncorhynchus,tshawytscha,57.75,-164.75,7516:374:4,47,3.87,31.62,728,0.07,237
Oncorhynchus,tshawytscha,57.75,-171.75,7517:371:4,98,4.26,32.31,802,0.03,135
Oncorhynchus,tshawytscha,57.75,-171.25,7517:371:3,101,4.26,32.31,744,0.03,111
Oncorhynchus,tshawytscha,57.75,-149.75,7514:479:4,519,7.73,32.29,1080,0.00072,160
Oncorhynchus,tshawytscha,57.75,-149.25,7514:479:3,1356,7.73,32.29,1033,0.0006375,187
Oncorhynchus,tshawytscha,57.75,-154.75,7515:374:4,198,6.95,31.54,1254,0.05,15
Oncorhynchus,tshawytscha,57.75,-154.25,7515:374:3,170,6.95,32.16,1304,0.1,11
Oncorhynchus,tshawytscha,57.75,-153.75,7515:373:4,77,7.01,32.16,1153,0.07,8
Oncorhynchus,tshawytscha,57.75,-166.75,7516:476:4,64,3.72,31.75,886,0.06,242
Oncorhynchus,tshawytscha,57.75,-166.25,7516:476:3,55,3.72,31.75,851,0.06,252
Oncorhynchus,tshawytscha,57.75,-152.75,7515:372:4,15,7.13,32.33,1155,0.03,4
Oncorhynchus,tshawytscha,57.75,-152.25,7515:372:3,53,7.13,32.33,1060,0.02,12
Oncorhynchus,tshawytscha,57.75,-165.25,7516:475:3,49,3.81,31.67,856,0.06,254
Oncorhynchus,tshawytscha,58.25,-134.75,7513:384:2,197,8.71,32.18,1777,0.25,8
Oncorhynchus,tshawytscha,58.25,-172.25,7517:382:1,103,3.78,32.19,796,0.04,192
Oncorhynchus,tshawytscha,58.25,-171.75,7517:381:2,115,3.34,32.07,767,0.05,172
Oncorhynchus,tshawytscha,58.25,-171.25,7517:381:1,101,3.34,32.06,695,0.06,155
Oncorhynchus,tshawytscha,58.25,-154.75,7515:384:2,41,6.78,31.54,1049,0.08,2
Oncorhynchus,tshawytscha,58.25,-159.75,7515:489:2,14,4.29,31.29,901,0.07,59
Oncorhynchus,tshawytscha,58.25,-154.25,7515:384:1,99,6.78,32.16,1016,0.17,8
Oncorhynchus,tshawytscha,58.25,-149.75,7514:489:2,143,7.87,32.05,966,0.0006375,146
Oncorhynchus,tshawytscha,58.25,-149.25,7514:489:1,137,7.87,32.05,1029,0.00072083,170
Oncorhynchus,tshawytscha,58.25,-153.75,7515:383:2,167,6.8,31.04,1235,0.1,59
Oncorhynchus,tshawytscha,58.25,-164.25,7516:384:1,31,3.39,31.39,729,0.11,185
Oncorhynchus,tshawytscha,58.25,-153.25,7515:383:1,124,6.8,31.04,1380,0.02,12
Oncorhynchus,tshawytscha,58.25,-175.75,7517:485:2,1889,4.23,32.56,769,0.00478833,310
Oncorhynchus,tshawytscha,58.25,-148.75,7514:488:2,312,8.01,31.94,957,0.00060917,190
Oncorhynchus,tshawytscha,58.25,-175.25,7517:485:1,1057,4.23,32.56,824,0.00316583,293
Oncorhynchus,tshawytscha,58.25,-152.75,7515:382:2,29,6.93,31.04,934,0.03,6
Oncorhynchus,tshawytscha,58.25,-152.25,7515:382:1,26,6.93,31.87,873,0.04,11
Oncorhynchus,tshawytscha,58.25,-151.75,7515:381:2,91,7.33,31.87,959,0.02,14
Oncorhynchus,tshawytscha,58.25,-151.25,7515:381:1,129,7.33,31.87,1040,0.00269333,59
Oncorhynchus,tshawytscha,58.25,-150.75,7515:380:2,118,7.65,32,984,0.00122083,88
Oncorhynchus,tshawytscha,58.25,-150.25,7515:380:1,124,7.65,32,991,0.00080417,117
Oncorhynchus,tshawytscha,58.25,-166.75,7516:486:2,54,3.06,31.5,764,0.08,196
Oncorhynchus,tshawytscha,58.25,-174.75,7517:384:2,1792,4.12,32.44,875,0.0047875,279
Oncorhynchus,tshawytscha,58.25,-174.25,7517:384:1,865,4.12,32.44,720,0.00820417,267
Oncorhynchus,tshawytscha,58.25,-137.25,7513:487:1,157,8.93,32.11,1158,0.02,14
Oncorhynchus,tshawytscha,58.25,-173.75,7517:383:2,114,4,32.32,769,0.01,259
Oncorhynchus,tshawytscha,58.25,-136.75,7513:486:2,164,8.91,32.11,1138,0.01,11
Oncorhynchus,tshawytscha,58.25,-173.25,7517:383:1,122,4,32.32,873,0.02,239
Oncorhynchus,tshawytscha,58.25,-135.25,7513:485:1,107,8.78,32.18,1563,0.23,7
Oncorhynchus,tshawytscha,58.25,-172.75,7517:382:2,143,3.78,32.19,820,0.03,215
Oncorhynchus,tshawytscha,58.75,-133.75,7513:383:4,1,8.52,31.97,1610,0.16,0
Oncorhynchus,tshawytscha,58.75,-171.75,7517:381:4,95,3.34,32.07,825,0.07,198
Oncorhynchus,tshawytscha,58.75,162.75,1516:382:4,19,3.81,32.63,686,0.33,11
Oncorhynchus,tshawytscha,58.75,-178.25,7517:488:3,2063,4.48,32.86,737,0.00131667,381
Oncorhynchus,tshawytscha,58.75,-159.75,7515:489:4,20,4.29,31.29,694,0.12,11
Oncorhynchus,tshawytscha,58.75,-177.75,7517:487:4,797,4.48,32.78,614,0.00194167,357
Oncorhynchus,tshawytscha,58.75,-177.25,7517:487:3,658,4.48,32.78,585,0.00524667,333
Oncorhynchus,tshawytscha,58.75,-149.75,7514:489:4,175,7.87,32.04,1075,0.0010125,109
Oncorhynchus,tshawytscha,58.75,-157.25,7515:487:3,28,4.86,31.29,885,0.43,8
Oncorhynchus,tshawytscha,58.75,-176.75,7517:486:4,334,4.41,32.68,663,0.00734417,309
Oncorhynchus,tshawytscha,58.75,-149.25,7514:489:3,168,7.87,32.04,1041,0.00092833,131
Oncorhynchus,tshawytscha,58.75,-153.75,7515:383:4,95,6.8,31.04,901,0.06,4
Oncorhynchus,tshawytscha,58.75,-156.75,7515:486:4,8,5.59,31.29,1023,0.25,1
Oncorhynchus,tshawytscha,58.75,-176.25,7517:486:3,294,4.41,32.68,744,0.01,287
Oncorhynchus,tshawytscha,58.75,-153.25,7515:383:3,122,6.8,31.04,855,0.03,12
Oncorhynchus,tshawytscha,58.75,-175.75,7517:485:4,182,4.23,32.56,813,0.01,267
Oncorhynchus,tshawytscha,58.75,-164.75,7516:384:4,31,3.39,31.39,827,0.14,144
Oncorhynchus,tshawytscha,58.75,-175.25,7517:485:3,219,4.23,32.56,868,0.02,247
Oncorhynchus,tshawytscha,58.75,-148.75,7514:488:4,198,8.01,31.94,1016,0.00073333,140
Oncorhynchus,tshawytscha,58.75,-152.25,7515:382:3,73,6.93,31.04,870,0.03,14
Oncorhynchus,tshawytscha,58.75,-147.75,7514:487:4,1677,8.06,31.95,837,0.00056833,140
Oncorhynchus,tshawytscha,58.75,-150.75,7515:380:4,169,7.65,32,998,0.00392667,84
Oncorhynchus,tshawytscha,58.75,-150.25,7515:380:3,146,7.65,32,1092,0.00323417,91
Oncorhynchus,tshawytscha,58.75,-174.75,7517:384:4,330,4.12,32.44,861,0.02,230
Oncorhynchus,tshawytscha,58.75,-141.25,7514:381:3,2621,8.57,32.33,724,0.0008725,131
Oncorhynchus,tshawytscha,58.75,-174.25,7517:384:3,148,4.12,32.44,787,0.03,216
Oncorhynchus,tshawytscha,58.75,-173.75,7517:383:4,114,4,32.32,805,0.05,205
Oncorhynchus,tshawytscha,58.75,-138.75,7513:488:4,124,8.89,31.93,892,0.01,65
Oncorhynchus,tshawytscha,58.75,-173.25,7517:383:3,114,4,32.32,816,0.06,198
Oncorhynchus,tshawytscha,58.75,-172.75,7517:382:4,104,3.78,32.19,867,0.07,196
Oncorhynchus,tshawytscha,59.25,-149.75,7514:499:2,163,7.93,32.04,1069,0.02,84
Oncorhynchus,tshawytscha,59.25,-176.25,7517:496:1,135,3.69,32.49,630,0.03,254
Oncorhynchus,tshawytscha,59.25,-148.25,7514:498:1,149,8.14,31.44,1073,0.00222083,91
Oncorhynchus,tshawytscha,59.25,-153.75,7515:393:2,70,6.61,31.04,919,0.05,11
Oncorhynchus,tshawytscha,59.25,-152.75,7515:392:2,95,6.69,31.04,948,0.02,57
Oncorhynchus,tshawytscha,59.25,-175.75,7517:495:2,136,3.41,32.36,640,0.03,230
Oncorhynchus,tshawytscha,59.25,-147.25,7514:497:1,660,8.25,31.54,961,0.00129083,84
Oncorhynchus,tshawytscha,59.25,-175.25,7517:495:1,130,3.41,32.36,726,0.03,207
Oncorhynchus,tshawytscha,59.25,-146.75,7514:496:2,1046,8.33,31.63,922,0.00119167,91
Oncorhynchus,tshawytscha,59.25,-151.25,7515:391:1,52,7.13,31.87,871,0.04,8
Oncorhynchus,tshawytscha,59.25,-158.75,7515:498:2,1,4.51,31.29,995,0.12,0
Oncorhynchus,tshawytscha,59.25,-150.75,7515:390:2,81,7.62,32,1027,0.02,12
Oncorhynchus,tshawytscha,59.25,-164.75,7516:394:2,26,3.26,30.98,892,0.17,91
Oncorhynchus,tshawytscha,59.25,-145.75,7514:495:2,2428,8.4,31.72,887,0.00061,130
Oncorhynchus,tshawytscha,59.25,-164.25,7516:394:1,25,3.26,30.98,904,0.18,84
Oncorhynchus,tshawytscha,59.25,-163.75,7516:393:2,25,3.4,30.98,897,0.18,84
Oncorhynchus,tshawytscha,59.25,-174.75,7517:394:2,124,3.27,32.23,766,0.04,186
Oncorhynchus,tshawytscha,59.25,-174.25,7517:394:1,105,3.27,32.23,813,0.06,168
Oncorhynchus,tshawytscha,59.25,-173.75,7517:393:2,101,3.15,32.1,818,0.07,153
Oncorhynchus,tshawytscha,59.25,-173.25,7517:393:1,82,3.15,32.09,785,0.08,143
Oncorhynchus,tshawytscha,59.25,-141.75,7514:391:2,705,8.69,31.9,845,0.0014425,91
Oncorhynchus,tshawytscha,59.25,-178.75,7517:498:2,2385,3.88,32.7,743,0.00726,379
Oncorhynchus,tshawytscha,59.25,-178.25,7517:498:1,494,3.88,32.7,902,0.01,356
Oncorhynchus,tshawytscha,59.25,-138.25,7513:498:1,40,8.74,31.93,1053,0.01,2
Oncorhynchus,tshawytscha,59.25,-135.75,7513:495:2,1,8.45,32.11,1700,0.1,0
Oncorhynchus,tshawytscha,59.25,-177.75,7517:497:2,273,3.82,32.6,757,0.01,330
Oncorhynchus,tshawytscha,59.25,-177.25,7517:497:1,156,3.82,32.6,726,0.02,304
Oncorhynchus,tshawytscha,59.25,-176.75,7517:496:2,142,3.69,32.49,608,0.03,279
Oncorhynchus,tshawytscha,59.75,-148.75,7514:498:4,143,8.14,31.44,1118,0.03,14
Oncorhynchus,tshawytscha,59.75,-153.75,7515:393:4,50,6.61,31.04,914,0.04,2
Oncorhynchus,tshawytscha,59.75,-175.75,7517:495:4,137,3.41,32.36,661,0.07,204
Oncorhynchus,tshawytscha,59.75,-175.25,7517:495:3,128,3.41,32.36,733,0.08,178
Oncorhynchus,tshawytscha,59.75,-147.75,7514:497:4,71,8.25,31.54,1057,0.02,12
Oncorhynchus,tshawytscha,59.75,-151.75,7515:391:4,68,7.13,31.04,886,0.05,10
Oncorhynchus,tshawytscha,59.75,-145.75,7514:495:4,147,8.4,31.72,1069,0.00708167,84
Oncorhynchus,tshawytscha,59.75,-161.75,7516:391:4,50,3.53,31.04,671,0.18,4
Oncorhynchus,tshawytscha,59.75,-174.75,7517:394:4,115,3.27,32.23,613,0.1,152
Oncorhynchus,tshawytscha,59.75,-174.25,7517:394:3,110,3.27,32.23,647,0.11,128
Oncorhynchus,tshawytscha,59.75,-144.75,7514:394:4,165,8.45,31.81,1029,0.00983083,84
Oncorhynchus,tshawytscha,59.75,-143.75,7514:393:4,311,8.49,31.87,868,0.03,84
Oncorhynchus,tshawytscha,59.75,-173.75,7517:393:4,88,3.15,32.09,682,0.12,107
Oncorhynchus,tshawytscha,59.75,-143.25,7514:393:3,291,8.49,31.87,742,0.03,84
Oncorhynchus,tshawytscha,59.75,-142.75,7514:392:4,331,8.58,31.9,727,0.01,84
Oncorhynchus,tshawytscha,59.75,-142.25,7514:392:3,188,8.58,31.9,787,0.02,84
Oncorhynchus,tshawytscha,59.75,-166.75,7516:496:4,46,2.78,31.18,771,0.2,12
Oncorhynchus,tshawytscha,59.75,-172.25,7517:392:3,55,2.96,31.96,788,0.14,84
Oncorhynchus,tshawytscha,59.75,-178.75,7517:498:4,1241,3.88,32.7,683,0.03,326
Oncorhynchus,tshawytscha,59.75,-178.25,7517:498:3,219,3.88,32.7,799,0.04,337
Oncorhynchus,tshawytscha,59.75,-139.75,7513:499:4,60,8.86,32.11,955,0.04,10
Oncorhynchus,tshawytscha,59.75,-177.75,7517:497:4,194,3.82,32.6,959,0.03,311
Oncorhynchus,tshawytscha,59.75,-177.25,7517:497:3,151,3.82,32.6,774,0.04,284
Oncorhynchus,tshawytscha,59.75,-176.75,7517:496:4,135,3.69,32.49,665,0.05,257
Oncorhynchus,tshawytscha,59.75,-149.75,7514:499:4,52,7.93,31.44,1017,0.01,10
Oncorhynchus,tshawytscha,59.75,-176.25,7517:496:3,144,3.69,32.49,655,0.06,230
Oncorhynchus,tshawytscha,59.75,-149.25,7514:499:3,168,7.93,31.44,1098,0.03,14
Oncorhynchus,tshawytscha,60.25,-177.25,7617:207:1,143,2.95,32.41,827,0.09,276
Oncorhynchus,tshawytscha,60.25,-167.25,7616:207:1,25,2.42,31.03,891,0.25,10
Oncorhynchus,tshawytscha,60.25,-176.75,7617:206:2,143,2.82,32.3,721,0.1,248
Oncorhynchus,tshawytscha,60.25,-152.25,7615:102:1,88,6.43,31.04,1546,0.07,12
Oncorhynchus,tshawytscha,60.25,-176.25,7617:206:1,135,2.82,32.3,675,0.11,221
Oncorhynchus,tshawytscha,60.25,-151.75,7615:101:2,56,6.72,31.04,1018,0.08,13
Oncorhynchus,tshawytscha,60.25,-151.25,7615:101:1,27,6.72,31.04,955,0.1,3
Oncorhynchus,tshawytscha,60.25,-149.25,7614:209:1,72,7.9,31.44,888,0.02,2
Oncorhynchus,tshawytscha,60.25,-148.75,7614:208:2,1,8.21,31.44,794,0.02,0
Oncorhynchus,tshawytscha,60.25,-148.25,7614:208:1,14,8.21,31.44,785,0.02,7
Oncorhynchus,tshawytscha,60.25,-147.75,7614:207:2,35,8.33,31.54,942,0.03,12
Oncorhynchus,tshawytscha,60.25,-145.75,7614:205:2,57,8.49,31.72,1116,0.02,14
Oncorhynchus,tshawytscha,60.25,-179.25,7617:209:1,965,3.14,32.6,642,0.03,264
Oncorhynchus,tshawytscha,60.25,-178.75,7617:208:2,349,3.04,32.51,725,0.05,274
Oncorhynchus,tshawytscha,60.25,-178.25,7617:208:1,162,3.04,32.51,798,0.06,287
Oncorhynchus,tshawytscha,60.25,-175.75,7617:205:2,121,2.6,32.18,718,0.12,193
Oncorhynchus,tshawytscha,60.25,-177.75,7617:207:2,147,2.95,32.41,948,0.08,302
Oncorhynchus,tshawytscha,60.75,-176.75,7617:206:4,132,2.82,32.3,786,0.13,245
Oncorhynchus,tshawytscha,60.75,-176.25,7617:206:3,118,2.82,32.3,779,0.14,217
Oncorhynchus,tshawytscha,60.75,-151.25,7615:101:3,31,6.72,31.04,947,0.16,9
Oncorhynchus,tshawytscha,60.75,-150.75,7615:100:4,19,7.2,31.04,753,0.21,2
Oncorhynchus,tshawytscha,60.75,-150.25,7615:100:3,61,7.2,31.44,935,0.15,1
Oncorhynchus,tshawytscha,60.75,-149.75,7614:209:4,189,7.9,31.44,917,0.08,1
Oncorhynchus,tshawytscha,60.75,-146.75,7614:206:4,226,8.42,31.63,428,0.1,13
Oncorhynchus,tshawytscha,60.75,-146.25,7614:206:3,32,8.42,31.63,533,0.03,8
Oncorhynchus,tshawytscha,60.75,-178.75,7617:208:4,230,3.04,32.51,555,0.1,225
Oncorhynchus,tshawytscha,60.75,-178.25,7617:208:3,164,3.04,32.51,583,0.11,240
Oncorhynchus,tshawytscha,60.75,-175.75,7617:205:4,105,2.6,32.18,832,0.15,190
Oncorhynchus,tshawytscha,60.75,-177.75,7617:207:4,149,2.95,32.41,776,0.13,258
Oncorhynchus,tshawytscha,61.25,-149.75,7614:219:2,94,7.13,31.44,1077,0.13,5
Oncorhynchus,tshawytscha,61.25,-177.25,7617:217:1,125,2.31,32.24,647,0.17,242
Oncorhynchus,tshawytscha,61.25,-176.75,7617:216:2,118,2.21,32.15,742,0.19,249
Oncorhynchus,tshawytscha,61.25,-176.25,7617:216:1,115,2.21,32.15,788,0.2,223
Oncorhynchus,tshawytscha,61.75,-149.75,7614:219:4,102,7.13,31.44,1110,0.15,0
Oncorhynchus,tshawytscha,61.75,-149.25,7614:219:3,12,7.13,31.44,925,0.08,1
Oncorhynchus,tshawytscha,61.75,-177.25,7617:217:3,119,2.31,32.24,753,0.22,217
Oncorhynchus,tshawytscha,61.75,-176.75,7617:216:4,116,2.21,32.15,746,0.2,242
Oncorhynchus,tshawytscha,62.75,-165.25,7616:225:3,21,2.46,30.1,1048,0.34,12
Oncorhynchus,tshawytscha,62.75,-164.75,7616:124:4,9,2.47,30.1,1038,0.35,5
Oncorhynchus,tshawytscha,64.75,-163.25,7616:143:3,5,2.28,28.76,807,0.37,1
Oncorhynchus,tshawytscha,65.75,-168.75,7616:458:4,49,0.83,32.34,757,0.4,11
Oncorhynchus,tshawytscha,70.75,-151.75,7715:101:4,7,-1.75,29.03,131,0.7,8
