Mapping parameters for Salmo salar (Atlantic salmon),,,,,,,,,,
,,,,,,,,,,
"Cite AquaMaps itself as: Kaschner, K., K. Kesner-Reyes, C. Garilao, J. Rius-Barile, T. Rees, and R. Froese. 2016. AquaMaps: Predicted range maps for aquatic species. World wide web electronic publication, www.aquamaps.org, Version 08/2016. ",,,,,,,,,,
,,,,,,,,,,
,,,,,,,,,,
,,,,,,,,,,
Occurrence cells used for creating environmental envelope (n = 726),,,,,,,,,,
Genus,Species,Center Lat,Center Long,C-Square,Depth,SST,Salinity,Primary Production,Sea Ice Conc.,Distance to Land
Salmo,salar,39.25,-74.25,7307:394:1,22,12.52,33.02,1299,0,21
Salmo,salar,39.25,-69.25,7306:499:1,2802,15.97,34.24,720,0,270
Salmo,salar,39.75,12.75,1301:392:4,3382,19.19,37.85,365,0,183
Salmo,salar,40.25,-74.25,7407:104:1,1,12.36,33.02,1389,0.00063548,1
Salmo,salar,40.25,-10.75,7401:100:2,4784,16.74,35.82,512,0,182
Salmo,salar,40.75,-8.75,7400:208:4,29,16.28,35.68,1611,0,14
Salmo,salar,40.75,-74.25,7407:104:3,5,12.36,33.02,1655,0.00167564,3
Salmo,salar,40.75,-72.25,7407:102:3,37,12.66,32.47,1379,0.01,20
Salmo,salar,40.75,14.25,1401:104:3,285,19.35,37.95,531,0,15
Salmo,salar,40.75,1.25,1400:101:3,157,18.89,37.81,526,0,63
Salmo,salar,41.25,-70.75,7407:110:2,33,10.91,33.15,1692,0.00163833,19
Salmo,salar,41.25,2.75,1400:112:2,1160,17.98,38.08,495,0,79
Salmo,salar,41.25,2.25,1400:112:1,491,17.98,37.74,624,0,18
Salmo,salar,41.25,1.75,1400:111:2,270,18.36,37.81,694,0,11
Salmo,salar,41.75,-8.75,7400:218:4,43,16.06,35.74,1210,0,9
Salmo,salar,41.75,-70.75,7407:110:4,7,10.91,32.29,1292,0.01,7
Salmo,salar,41.75,-70.25,7407:110:3,15,10.91,32.29,1154,0.02,16
Salmo,salar,41.75,3.25,1400:113:3,276,17.63,38.08,516,0,18
Salmo,salar,41.75,2.75,1400:112:4,162,17.98,38.08,538,0,8
Salmo,salar,42.25,-8.75,7400:228:2,29,15.78,35.59,1157,0,11
Salmo,salar,42.25,-71.25,7407:121:1,2,10.56,31.89,1540,0.02,0
Salmo,salar,42.25,3.75,1400:123:2,878,16.75,37.88,526,0,62
Salmo,salar,42.75,-8.75,7400:228:4,1,15.78,35.59,1151,0,4
Salmo,salar,43.25,-4.75,7400:134:2,84,16.02,35.47,1269,0,2
Salmo,salar,43.25,-4.25,7400:134:1,42,16.02,35.47,1061,0,3
Salmo,salar,43.25,-3.75,7400:133:2,1,16.08,35.31,1146,0,1
Salmo,salar,43.25,-3.25,7400:133:1,41,16.08,35.31,1262,0,3
Salmo,salar,43.25,-2.75,7400:132:2,23,16.07,35.09,1205,0,3
Salmo,salar,43.25,-2.25,7400:132:1,49,16.07,35.09,821,0,6
Salmo,salar,43.25,-70.25,7407:130:1,89,9.29,31.89,2053,0.05,19
Salmo,salar,43.25,-1.75,7400:131:2,65,16.04,35.09,928,0,4
Salmo,salar,43.25,3.75,1400:133:2,63,16.27,37.88,756,0,18
Salmo,salar,43.25,-8.75,7400:238:2,69,15.49,35.54,1139,0,8
Salmo,salar,43.25,-8.25,7400:238:1,20,15.49,35.72,1002,0,3
Salmo,salar,43.75,-66.25,7406:236:3,60,8.13,31.65,1473,0.07,18
Salmo,salar,43.75,-65.75,7406:235:4,5,8.11,31.65,1588,0.03,9
Salmo,salar,43.75,-64.25,7406:134:3,156,8.32,31.21,1090,0.0089275,77
Salmo,salar,43.75,-7.75,7400:237:4,102,15.47,35.72,798,0,10
Salmo,salar,43.75,-7.25,7400:237:3,130,15.47,35.72,653,0,14
Salmo,salar,43.75,-6.75,7400:236:4,144,15.62,35.68,670,0,16
Salmo,salar,43.75,-6.25,7400:236:3,570,15.62,35.68,723,0,16
Salmo,salar,44.25,-65.75,7406:245:2,1,7.51,31.65,1465,0.05,0
Salmo,salar,44.25,-64.75,7406:144:2,7,7.24,31.21,1416,0.05,2
Salmo,salar,44.25,-69.75,7406:249:2,1,8.84,32.13,1363,0.04,0
Salmo,salar,44.25,-68.25,7406:248:1,33,8.82,32.13,1942,0.07,18
Salmo,salar,44.25,-66.25,7406:246:1,65,8.02,31.65,1435,0.06,17
Salmo,salar,44.75,-64.25,7406:144:3,2,7.24,31.21,1451,0.14,2
Salmo,salar,44.75,-63.75,7406:143:4,3,7.1,31.3,1299,0.08,3
Salmo,salar,44.75,-63.25,7406:143:3,34,7.1,31.3,1161,0.06,8
Salmo,salar,44.75,-62.75,7406:142:4,56,7.24,30.88,1305,0.03,12
Salmo,salar,44.75,-62.25,7406:142:3,84,7.24,30.88,1368,0.05,18
Salmo,salar,44.75,-68.75,7406:248:4,1,8.82,32.13,1841,0.03,1
Salmo,salar,44.75,-68.25,7406:248:3,1,8.82,32.13,1928,0.04,1
Salmo,salar,44.75,-67.75,7406:247:4,1,8.49,31.92,1861,0.03,3
Salmo,salar,44.75,-66.75,7406:246:4,59,8.02,31.65,1961,0.07,19
Salmo,salar,44.75,-65.25,7406:245:3,42,7.51,31.21,1642,0.13,2
Salmo,salar,45.25,-5.75,7400:455:2,4735,15.28,35.52,493,0,203
Salmo,salar,45.25,-64.25,7406:354:1,14,6.8,31.21,1513,0.44,9
Salmo,salar,45.25,-63.75,7406:353:2,28,6.63,31.3,1444,0.21,5
Salmo,salar,45.25,-63.25,7406:353:1,1,6.63,31.3,1224,0.13,1
Salmo,salar,45.25,-61.75,7406:351:2,16,6.7,30.88,1187,0.06,6
Salmo,salar,45.25,-67.25,7406:457:1,5,8.12,31.92,1617,0.04,2
Salmo,salar,45.25,-66.75,7406:456:2,14,7.58,31.65,1763,0.05,6
Salmo,salar,45.25,-0.75,7400:350:2,2,15.56,35.02,1196,0,4
Salmo,salar,45.25,-66.25,7406:456:1,51,7.58,31.65,1858,0.07,8
Salmo,salar,45.25,-65.75,7406:455:2,64,7.14,31.65,1766,0.14,12
Salmo,salar,45.25,-65.25,7406:455:1,55,7.14,31.21,1994,0.2,18
Salmo,salar,45.75,-64.75,7406:354:4,30,6.8,29.5,1527,0.24,8
Salmo,salar,45.75,-64.25,7406:354:3,6,6.8,29.5,1368,0.27,2
Salmo,salar,45.75,-63.75,7406:353:4,14,6.63,29.94,1320,0.23,3
Salmo,salar,45.75,-63.25,7406:353:3,19,6.63,29.94,1306,0.22,8
Salmo,salar,45.75,13.75,1401:353:4,68,17.4,37.15,322,0,6
Salmo,salar,45.75,12.25,1401:352:3,1,17.42,37.15,747,0,1
Salmo,salar,45.75,-62.75,7406:352:4,25,6.63,30.88,1166,0.31,9
Salmo,salar,45.75,-62.25,7406:352:3,34,6.63,30.88,1459,0.18,10
Salmo,salar,45.75,-61.75,7406:351:4,24,6.7,30.88,1244,0.14,11
Salmo,salar,45.75,-61.25,7406:351:3,5,6.7,30.88,1035,0.11,5
Salmo,salar,45.75,-60.75,7406:350:4,21,6.73,30.64,1305,0.06,12
Salmo,salar,45.75,-59.75,7405:459:4,109,6.61,30.64,1307,0.06,19
Salmo,salar,45.75,-60.25,7406:350:3,89,6.73,30.64,1289,0.03,11
Salmo,salar,45.75,-59.25,7405:459:3,127,6.61,30.64,1252,0.02,78
Salmo,salar,45.75,-1.25,7400:351:3,16,15.73,35.02,1980,0,16
Salmo,salar,45.75,-65.25,7406:455:3,19,7.14,29.5,1425,0.2,1
Salmo,salar,46.25,-64.75,7406:364:2,11,6.46,29.5,1493,0.22,2
Salmo,salar,46.25,-63.75,7406:363:2,16,6.43,29.94,1792,0.21,13
Salmo,salar,46.25,-62.75,7406:362:2,5,6.42,30.31,1485,0.19,4
Salmo,salar,46.25,-62.25,7406:362:1,20,6.42,30.31,1353,0.16,14
Salmo,salar,46.25,-61.25,7406:361:1,44,6.41,30.6,1437,0.2,8
Salmo,salar,46.25,-60.75,7406:360:2,4,6.36,30.81,1226,0.13,4
Salmo,salar,46.25,-55.25,7405:465:1,142,6.43,31.98,931,0.00135917,94
Salmo,salar,46.75,-63.75,7406:363:4,20,6.43,29.94,1861,0.17,16
Salmo,salar,46.75,-5.75,7400:465:4,3426,14.7,35.45,663,0,197
Salmo,salar,46.75,-61.25,7406:361:3,71,6.41,30.6,1536,0.17,19
Salmo,salar,46.75,-60.75,7406:360:4,74,6.36,30.81,1319,0.12,6
Salmo,salar,46.75,-60.25,7406:360:3,85,6.36,30.81,1397,0.11,15
Salmo,salar,46.75,-57.25,7405:467:3,172,6.22,31.34,874,0.00201083,114
Salmo,salar,46.75,-2.25,7400:362:3,28,14.92,34.93,1185,0,18
Salmo,salar,46.75,-64.75,7406:364:4,10,6.46,29.5,1992,0.22,12
Salmo,salar,47.25,-2.25,7400:372:1,6,13.98,34.93,1355,0,11
Salmo,salar,47.25,-1.75,7400:371:2,2,14.03,34.93,1290,0,1
Salmo,salar,47.25,-65.25,7406:475:1,22,5.96,29.5,1533,0.22,3
Salmo,salar,47.25,-53.75,7405:373:2,11,5.33,31.98,991,0.04,5
Salmo,salar,47.75,-7.75,7400:477:4,1193,14.06,35.48,582,0,267
Salmo,salar,47.75,-4.25,7400:374:3,63,14.01,35.38,1243,0,16
Salmo,salar,47.75,-3.75,7400:373:4,49,13.98,35.2,1206,0,13
Salmo,salar,47.75,-3.25,7400:373:3,47,13.98,35.2,1012,0,8
Salmo,salar,47.75,-59.25,7405:479:3,201,5.91,31.23,1124,0.12,11
Salmo,salar,47.75,-2.75,7400:372:4,8,13.98,34.93,1024,0,5
Salmo,salar,47.75,-58.75,7405:478:4,91,5.91,31.23,919,0.06,6
Salmo,salar,47.75,-2.25,7400:372:3,1,13.98,34.93,1270,0,0
Salmo,salar,47.75,-66.25,7406:476:3,58,5.85,29.5,2058,0.3,0
Salmo,salar,47.75,-65.75,7406:475:4,43,5.96,29.5,1908,0.44,7
Salmo,salar,47.75,-53.75,7405:373:4,41,5.33,31.63,1059,0.06,11
Salmo,salar,47.75,-52.75,7405:372:4,122,5.02,31.63,1004,0.06,15
Salmo,salar,48.25,-7.75,7400:487:2,182,13.52,35.39,555,0,237
Salmo,salar,48.25,-4.25,7400:384:1,23,13.34,35.25,1030,0,5
Salmo,salar,48.25,-69.25,7406:489:1,100,5.35,32.13,1328,0.38,13
Salmo,salar,48.25,-53.75,7405:383:2,4,4.14,31.9,1038,0.09,7
Salmo,salar,48.25,-64.75,7406:384:2,35,5.4,29.5,1903,0.17,11
Salmo,salar,48.75,-4.25,7400:384:3,44,13.34,35.25,1087,0,12
Salmo,salar,48.75,-3.75,7400:383:4,16,13.31,35.18,1317,0,11
Salmo,salar,48.75,-3.25,7400:383:3,4,13.31,35.18,1312,0,6
Salmo,salar,48.75,-2.75,7400:382:4,39,13.18,35.08,1089,0,13
Salmo,salar,48.75,-1.25,7400:381:3,11,12.81,34.81,1555,0,1
Salmo,salar,48.75,-69.25,7406:489:3,67,5.35,29.5,767,0.32,3
Salmo,salar,48.75,-67.75,7406:487:4,175,5.01,29.5,1859,0.27,8
Salmo,salar,48.75,-54.25,7405:384:3,1,4.39,32.02,978,0.13,1
Salmo,salar,48.75,-53.75,7405:383:4,3,4.14,31.9,1079,0.12,14
Salmo,salar,48.75,-50.25,7405:380:3,219,3.98,32.67,928,0.04,229
Salmo,salar,49.25,-2.25,7400:392:1,10,12.74,35.08,1122,0,17
Salmo,salar,49.25,-1.25,7400:391:1,9,12.54,34.81,1326,0,2
Salmo,salar,49.25,-0.75,7400:390:2,9,12.32,34.81,1381,0.00033333,4
Salmo,salar,49.25,-0.25,7400:390:1,31,12.32,34.81,1630,0.0025487,6
Salmo,salar,49.25,-55.75,7405:495:2,1,3.09,31.71,906,0.2,1
Salmo,salar,49.25,0.25,1400:390:1,26,12.31,34.81,1657,0.00580258,2
Salmo,salar,49.75,-6.25,7400:496:3,80,12.9,35.24,1009,0,17
Salmo,salar,49.75,-1.25,7400:391:3,27,12.54,34.88,1449,0,14
Salmo,salar,49.75,-56.25,7405:496:3,19,3.48,31.71,887,0.25,2
Salmo,salar,49.75,1.25,1400:391:3,28,12.26,34.72,1648,0.02,1
Salmo,salar,49.75,0.25,1400:390:3,37,12.31,34.72,1740,0,12
Salmo,salar,50.25,-4.75,7500:104:2,49,12.39,35.25,995,0,11
Salmo,salar,50.25,-4.25,7500:104:1,56,12.39,35.25,1049,0,14
Salmo,salar,50.25,-3.75,7500:103:2,53,12.5,35.18,1087,0,12
Salmo,salar,50.25,1.75,1500:101:2,20,12,34.59,1711,0.02,2
Salmo,salar,50.25,1.25,1500:101:1,43,12,34.72,2282,0.03,17
Salmo,salar,50.25,-66.25,7506:206:1,78,4.27,29.5,2708,0.12,9
Salmo,salar,50.25,-65.75,7506:205:2,109,4.29,30.2,2499,0.12,11
Salmo,salar,50.25,-62.25,7506:102:1,68,4.26,31.28,2144,0.14,10
Salmo,salar,50.25,-5.75,7500:205:2,55,12.38,35.06,1047,0,17
Salmo,salar,50.25,-5.25,7500:205:1,25,12.38,35.27,1080,0,11
Salmo,salar,50.75,-4.75,7500:104:4,52,12.39,35.25,1151,0,12
Salmo,salar,50.75,-3.25,7500:103:3,36,12.5,35.18,1326,0,7
Salmo,salar,50.75,-56.75,7505:206:4,21,3.13,31.36,762,0.27,1
Salmo,salar,50.75,-2.75,7500:102:4,33,12.48,34.88,1439,0,8
Salmo,salar,50.75,-2.25,7500:102:3,11,12.48,34.88,1312,0,6
Salmo,salar,50.75,-1.75,7500:101:4,15,12.38,34.88,1289,0.00054945,9
Salmo,salar,50.75,-1.25,7500:101:3,7,12.38,34.88,1526,0,10
Salmo,salar,50.75,1.75,1500:101:4,29,12,34.59,1746,0.01,6
Salmo,salar,51.25,-2.75,7500:112:2,24,12.35,34.88,1390,0,1
Salmo,salar,51.25,-57.25,7505:217:1,68,3.22,31.36,773,0.23,17
Salmo,salar,51.25,-56.75,7505:216:2,46,2.49,31.36,561,0.4,10
Salmo,salar,51.25,4.25,1500:114:1,4,11.57,33.43,2017,0.00927229,2
Salmo,salar,51.25,-55.25,7505:215:1,155,2.1,32.08,735,0.22,17
Salmo,salar,51.25,3.75,1500:113:2,7,11.57,33.88,2057,0.01,3
Salmo,salar,51.25,2.75,1500:112:2,24,11.55,34.25,1733,0.00937093,11
Salmo,salar,51.25,1.25,1500:111:1,17,11.66,34.59,1812,0.02,10
Salmo,salar,51.25,0.75,1500:110:2,6,11.86,34.59,1626,0.02,3
Salmo,salar,51.25,0.25,1500:110:1,1,11.86,34.72,1744,0.01,0
Salmo,salar,51.25,-4.25,7500:114:1,38,12.01,34.4,1459,0,14
Salmo,salar,51.25,-3.75,7500:113:2,44,12.29,35.18,1498,0,8
Salmo,salar,51.25,-3.25,7500:113:1,37,12.29,35.18,1509,0,8
Salmo,salar,51.75,4.75,1500:114:4,2,11.44,33.45,2333,0.00851101,6
Salmo,salar,51.75,-56.25,7505:216:3,57,2.49,31.38,586,0.31,11
Salmo,salar,51.75,4.25,1500:114:3,2,11.57,33.43,2124,0.00925529,10
Salmo,salar,51.75,3.75,1500:113:4,12,11.57,33.88,2396,0.01,14
Salmo,salar,51.75,1.25,1500:111:3,25,11.66,34.59,1488,0.03,15
Salmo,salar,51.75,-10.25,7501:110:3,45,12.52,35.36,993,0,14
Salmo,salar,51.75,0.75,1500:110:4,12,11.86,34.59,1716,0.02,5
Salmo,salar,51.75,-4.75,7500:114:4,23,12.01,34.4,1468,0,8
Salmo,salar,51.75,-4.25,7500:114:3,34,12.01,34.4,1411,0,7
Salmo,salar,51.75,-9.75,7500:219:4,15,12.49,35.36,924,0,9
Salmo,salar,51.75,-9.25,7500:219:3,3,12.49,35.36,911,0,3
Salmo,salar,51.75,-3.75,7500:113:4,62,12.29,34.4,1443,0.0013289,3
Salmo,salar,51.75,-8.75,7500:218:4,34,12.53,35,939,0,5
Salmo,salar,51.75,-3.25,7500:113:3,17,12.29,34.88,1346,0.01,1
Salmo,salar,51.75,-7.75,7500:217:4,70,12.37,35,1187,0,17
Salmo,salar,51.75,-5.25,7500:215:3,28,11.97,34.4,1534,0,15
Salmo,salar,51.75,-2.75,7500:112:4,32,12.35,34.88,1319,0.01,3
Salmo,salar,51.75,-2.25,7500:112:3,1,12.35,34.88,1398,0.01,1
Salmo,salar,52.25,1.25,1500:121:1,5,11.17,34.59,1778,0.01,1
Salmo,salar,52.25,-55.25,7505:225:1,152,1.31,31.38,802,0.23,68
Salmo,salar,52.25,-10.25,7501:120:1,46,12.21,35.2,810,0,14
Salmo,salar,52.25,-4.75,7500:124:2,104,11.45,34.4,1442,0,14
Salmo,salar,52.25,-4.25,7500:124:1,71,11.45,34.4,1133,0,8
Salmo,salar,52.25,-9.75,7500:229:2,13,12.17,35.2,800,0,5
Salmo,salar,52.25,-7.25,7500:227:1,39,11.93,35,1265,0,6
Salmo,salar,52.25,5.75,1500:225:2,2,11.25,33.43,1709,0.00744314,3
Salmo,salar,52.25,-56.25,7505:226:1,1,1.4,31.38,804,0.26,0
Salmo,salar,52.75,0.75,1500:120:4,5,11.05,34.56,1472,0.01,0
Salmo,salar,52.75,-4.25,7500:124:3,60,11.45,34.4,1352,0,14
Salmo,salar,52.75,-3.75,7500:123:4,1,11.56,34.4,1365,0.02,0
Salmo,salar,52.75,-8.75,7500:228:4,1,12.24,35,887,0,2
Salmo,salar,52.75,5.25,1500:225:3,14,11.26,33.49,1733,0.00664654,17
Salmo,salar,52.75,4.75,1500:124:4,10,11.33,33.43,1861,0.00725874,16
Salmo,salar,53.25,-4.75,7500:134:2,42,10.98,34.16,1581,0,16
Salmo,salar,53.25,-4.25,7500:134:1,17,10.98,34.16,1291,0.01,8
Salmo,salar,53.25,-3.75,7500:133:2,53,10.87,34.16,1181,0.03,6
Salmo,salar,53.25,-3.25,7500:133:1,38,10.87,34.16,1178,0.12,5
Salmo,salar,53.25,-2.75,7500:132:2,4,10.76,34.16,1224,0.05,1
Salmo,salar,53.25,-9.75,7500:239:2,26,11.86,35.22,748,0,14
Salmo,salar,53.25,-9.25,7500:239:1,19,11.86,35.22,819,0,6
Salmo,salar,53.25,-6.25,7500:236:1,7,11.25,34.16,1370,0,3
Salmo,salar,53.25,-60.75,7506:130:2,1,1.65,32.08,923,0.58,0
Salmo,salar,53.25,8.75,1500:238:2,1,10.45,31.76,1871,0.03,0
Salmo,salar,53.25,-60.25,7506:130:1,18,1.53,32.25,901,0.68,4
Salmo,salar,53.25,5.25,1500:235:1,16,10.95,33.49,2299,0.00594417,16
Salmo,salar,53.25,4.75,1500:134:2,17,10.95,33.77,2016,0.01,16
Salmo,salar,53.75,-10.25,7501:130:3,46,11.92,35.22,991,0,16
Salmo,salar,53.75,-2.75,7500:132:4,17,10.76,35.11,1147,0.04,1
Salmo,salar,53.75,-0.75,7500:130:4,1,10.1,34.56,1143,0.01,1
Salmo,salar,53.75,-9.75,7500:239:4,10,11.86,35.22,941,0,7
Salmo,salar,53.75,-0.25,7500:130:3,9,10.1,34.56,1372,0.01,4
Salmo,salar,53.75,-60.25,7506:130:3,9,1.53,32.25,987,0.71,2
Salmo,salar,53.75,8.25,1500:238:3,18,10.34,33.13,1742,0.06,14
Salmo,salar,53.75,-59.75,7505:239:4,61,1.33,32.25,966,0.85,11
Salmo,salar,53.75,-58.75,7505:238:4,48,0.84,32.25,914,0.65,2
Salmo,salar,53.75,-57.25,7505:237:3,14,0.67,31.93,606,0.3,8
Salmo,salar,54.25,-4.75,7500:144:2,42,10.71,34.16,1442,0.00962333,14
Salmo,salar,54.25,-4.25,7500:144:1,36,10.71,34.16,1469,0.01,14
Salmo,salar,54.25,15.25,1501:245:1,35,9,8.34,1592,0.02,12
Salmo,salar,54.25,-3.75,7500:143:2,69,10.76,34.16,1307,0.02,16
Salmo,salar,54.25,14.25,1501:144:1,12,9.04,8.34,1936,0.03,16
Salmo,salar,54.25,-3.25,7500:143:1,25,10.76,34.16,1153,0.02,9
Salmo,salar,54.25,-2.75,7500:142:2,39,10.33,35.04,1168,0.03,3
Salmo,salar,54.25,13.75,1501:143:2,9,9.12,8.34,1792,0.03,12
Salmo,salar,54.25,-0.75,7500:140:2,2,9.98,35.11,1147,0.01,0
Salmo,salar,54.25,11.25,1501:141:1,25,9.43,19.62,1778,0.1,14
Salmo,salar,54.25,-9.75,7500:249:2,36,11.55,35.33,1030,0,8
Salmo,salar,54.25,-9.25,7500:249:1,64,11.55,35.29,1045,0,7
Salmo,salar,54.25,10.75,1501:140:2,11,9.68,19.62,1779,0.09,6
Salmo,salar,54.25,10.25,1501:140:1,12,9.68,19.62,1565,0.09,2
Salmo,salar,54.25,-8.25,7500:248:1,6,11.35,35.2,1195,0,1
Salmo,salar,54.25,7.75,1500:247:2,31,10.46,33.13,1850,0.00994333,88
Salmo,salar,54.25,6.25,1500:246:1,35,10.56,33.36,1547,0.00117833,97
Salmo,salar,54.25,-57.25,7505:247:1,14,0.67,31.93,694,0.31,14
Salmo,salar,54.25,3.25,1500:143:1,36,10.45,34.31,1079,0.00109417,181
Salmo,salar,54.75,16.75,1501:246:4,44,9.05,7.26,1645,0.02,13
Salmo,salar,54.75,-4.25,7500:144:3,40,10.71,34.16,1422,0.01,11
Salmo,salar,54.75,16.25,1501:246:3,58,9.05,7.26,1686,0.01,48
Salmo,salar,54.75,15.25,1501:245:3,65,9,7.59,1661,0.01,88
Salmo,salar,54.75,-3.75,7500:143:4,41,10.76,34.16,1218,0.05,13
Salmo,salar,54.75,14.75,1501:144:4,56,9.04,8.34,1588,0.01,88
Salmo,salar,54.75,-3.25,7500:143:3,23,10.76,35.04,1253,0.03,4
Salmo,salar,54.75,14.25,1501:144:3,46,9.04,8.34,1637,0.01,64
Salmo,salar,54.75,-11.25,7501:141:3,2270,11.73,35.34,644,0,117
Salmo,salar,54.75,13.75,1501:143:4,11,9.12,8.34,1768,0.02,16
Salmo,salar,54.75,13.25,1501:143:3,11,9.12,8.34,1743,0.03,15
Salmo,salar,54.75,-1.25,7500:141:3,59,9.89,35.11,1439,0.03,7
Salmo,salar,54.75,-0.75,7500:140:4,74,9.98,35.11,1515,0.02,14
Salmo,salar,54.75,11.75,1501:141:4,6,9.43,19.62,1196,0.07,10
Salmo,salar,54.75,11.25,1501:141:3,8,9.43,19.62,1312,0.09,10
Salmo,salar,54.75,10.25,1501:140:3,19,9.68,19.62,1490,0.11,15
Salmo,salar,54.75,-8.25,7500:248:3,15,11.35,35.2,1077,0,5
Salmo,salar,54.75,-5.25,7500:245:3,92,10.74,34.16,1391,0,15
Salmo,salar,54.75,9.75,1500:249:4,7,10,33.13,1492,0.09,4
Salmo,salar,54.75,9.25,1500:249:3,1,10.08,27.19,1475,0.04,0
Salmo,salar,54.75,8.75,1500:248:4,10,10.24,33.13,1361,0.02,9
Salmo,salar,54.75,8.25,1500:248:3,16,10.24,33.13,1117,0.02,16
Salmo,salar,54.75,3.75,1500:143:4,41,10.45,34.31,938,0.00113833,211
Salmo,salar,54.75,-4.75,7500:144:4,22,10.71,34.16,1290,0,11
Salmo,salar,55.25,-8.25,7500:458:1,50,11.19,35.2,1063,0,12
Salmo,salar,55.25,-7.75,7500:457:2,31,10.91,35.2,1043,0,10
Salmo,salar,55.25,-4.75,7500:354:2,76,10.56,34.16,1258,0.00365531,5
Salmo,salar,55.25,-6.75,7500:456:2,49,10.71,35.04,1164,0,9
Salmo,salar,55.25,-3.75,7500:353:2,1,10.64,34.44,1345,0.02,0
Salmo,salar,55.25,-6.25,7500:456:1,93,10.71,35.04,1226,0,8
Salmo,salar,55.25,-3.25,7500:353:1,1,10.55,34.93,1211,0.02,0
Salmo,salar,55.25,-5.75,7500:455:2,86,10.61,34.16,1407,0,14
Salmo,salar,55.25,-5.25,7500:455:1,45,10.61,34.16,1215,0,15
Salmo,salar,55.25,-1.75,7500:351:2,10,9.83,35.04,1042,0.01,1
Salmo,salar,55.25,-1.25,7500:351:1,72,9.83,35.11,1326,0.02,15
Salmo,salar,55.25,9.75,1500:459:2,11,9.92,19.62,1487,0.09,10
Salmo,salar,55.25,8.75,1500:458:2,11,10.12,33.63,1248,0.01,6
Salmo,salar,55.25,7.25,1500:457:1,27,10.24,33.63,1529,0.0053325,94
Salmo,salar,55.25,17.25,1501:457:1,68,8.91,7.01,1573,0.01,87
Salmo,salar,55.25,14.75,1501:354:2,25,9.01,7.59,1734,0.01,13
Salmo,salar,55.25,14.25,1501:354:1,50,9.01,8.34,1806,0.03,15
Salmo,salar,55.25,16.75,1501:456:2,64,8.91,7.26,1589,0.003025,87
Salmo,salar,55.25,13.75,1501:353:2,38,9.11,8.34,1617,0.02,15
Salmo,salar,55.25,16.25,1501:456:1,88,8.91,7.26,1592,0.00217917,95
Salmo,salar,55.25,13.25,1501:353:1,13,9.11,8.34,1549,0.03,13
Salmo,salar,55.25,15.25,1501:455:1,62,8.95,7.59,1699,0.00941333,15
Salmo,salar,55.25,12.25,1501:352:1,14,9.26,19.62,1230,0.05,8
Salmo,salar,55.25,11.75,1501:351:2,14,9.44,19.62,1355,0.06,5
Salmo,salar,55.25,11.25,1501:351:1,19,9.44,19.62,1209,0.13,12
Salmo,salar,55.25,10.75,1501:350:2,13,9.68,19.62,1110,0.09,9
Salmo,salar,55.25,10.25,1501:350:1,13,9.68,19.62,1492,0.11,5
Salmo,salar,55.75,-4.75,7500:354:4,44,10.56,34.16,1175,0.0027079,8
Salmo,salar,55.75,-4.25,7500:354:3,1,10.56,34.16,1116,0.00960098,0
Salmo,salar,55.75,-6.25,7500:456:3,23,10.71,35.04,1262,0,12
Salmo,salar,55.75,-3.25,7500:353:3,16,10.5,35.04,1153,0.01,0
Salmo,salar,55.75,-5.75,7500:455:4,24,10.61,35.04,1237,0,12
Salmo,salar,55.75,-2.75,7500:352:4,10,9.91,35.04,1072,0.01,0
Salmo,salar,55.75,-5.25,7500:455:3,19,10.61,34.16,1140,0,9
Salmo,salar,55.75,-2.25,7500:352:3,14,9.91,35.04,1059,0.01,2
Salmo,salar,55.75,-1.75,7500:351:4,28,9.83,35.04,1225,0.01,11
Salmo,salar,55.75,9.75,1500:459:4,12,9.92,19.62,1663,0.11,4
Salmo,salar,55.75,8.25,1500:458:3,23,10.12,33.63,1344,0.01,8
Salmo,salar,55.75,19.75,1501:459:4,79,9.08,6.86,1703,0.00298333,110
Salmo,salar,55.75,19.25,1501:459:3,90,9.08,6.86,1725,0.00113667,141
Salmo,salar,55.75,14.75,1501:354:4,38,9.01,7.59,1721,0.03,47
Salmo,salar,55.75,17.75,1501:457:4,58,8.91,7.01,1617,0.00067833,115
Salmo,salar,55.75,14.25,1501:354:3,20,9.01,7.59,1705,0.02,7
Salmo,salar,55.75,16.75,1501:456:4,51,8.91,7.26,1647,0.00342833,87
Salmo,salar,55.75,16.25,1501:456:3,67,8.91,7.26,1657,0.01,87
Salmo,salar,55.75,13.25,1501:353:3,22,9.11,8.34,1473,0.05,1
Salmo,salar,55.75,15.75,1501:455:4,54,8.95,7.59,1638,0.01,87
Salmo,salar,55.75,12.75,1501:352:4,17,9.26,19.62,1275,0.13,12
Salmo,salar,55.75,15.25,1501:455:3,48,8.95,7.59,1666,0.04,78
Salmo,salar,55.75,12.25,1501:352:3,3,9.26,19.62,1401,0.05,4
Salmo,salar,55.75,21.25,1502:351:3,13,8.99,6.84,2180,0.03,5
Salmo,salar,55.75,11.75,1501:351:4,6,9.44,19.62,1477,0.06,5
Salmo,salar,55.75,20.75,1502:350:4,44,9.05,6.84,2032,0.04,47
Salmo,salar,55.75,11.25,1501:351:3,15,9.44,19.62,1334,0.03,9
Salmo,salar,55.75,-54.25,7505:354:3,2867,2.39,33.42,684,0.01,252
Salmo,salar,55.75,10.25,1501:350:3,13,9.68,19.62,1747,0.2,11
Salmo,salar,56.25,-2.75,7500:362:2,30,9.68,35.04,1009,0.02,10
Salmo,salar,56.25,-5.25,7500:465:1,6,10.67,35,1129,0,3
Salmo,salar,56.25,14.75,1501:364:2,8,8.98,7.59,1552,0.02,4
Salmo,salar,56.25,14.25,1501:364:1,1,8.98,7.59,1507,0.03,0
Salmo,salar,56.25,19.75,1501:469:2,91,8.89,7.69,1692,0.00312083,108
Salmo,salar,56.25,18.75,1501:468:2,102,8.8,8.47,1689,0.00069333,94
Salmo,salar,56.25,18.25,1501:468:1,47,8.8,8.47,1646,0.00095667,87
Salmo,salar,56.25,8.25,1500:468:1,21,10,33.38,1470,0.01,5
Salmo,salar,56.25,12.75,1501:362:2,30,9.3,19.62,1574,0.05,6
Salmo,salar,56.25,12.25,1501:362:1,16,9.3,19.62,1669,0.03,12
Salmo,salar,56.25,15.75,1501:465:2,10,8.77,7.59,1519,0.02,6
Salmo,salar,56.25,15.25,1501:465:1,32,8.77,7.59,1584,0.02,6
Salmo,salar,56.25,10.75,1501:360:2,14,9.67,19.62,1633,0.04,9
Salmo,salar,56.25,10.25,1501:360:1,18,9.67,19.62,1730,0.07,4
Salmo,salar,56.25,3.25,1500:363:1,71,9.9,34.43,852,0.00094333,317
Salmo,salar,56.25,20.75,1502:360:2,33,8.93,9.02,2236,0.05,46
Salmo,salar,56.25,-4.75,7500:364:2,1,10.44,35,1067,0.0021632,2
Salmo,salar,56.25,-3.75,7500:363:2,1,9.94,35.04,1285,0.01,1
Salmo,salar,56.25,-6.25,7500:466:1,17,10.79,35.04,862,0,14
Salmo,salar,56.25,-3.25,7500:363:1,24,9.94,35.04,991,0.01,4
Salmo,salar,56.25,-5.75,7500:465:2,22,10.67,35.04,1014,0,12
Salmo,salar,56.75,12.75,1501:362:4,44,9.3,19.62,1687,0.06,7
Salmo,salar,56.75,8.75,1500:468:4,16,9.93,30.86,1513,0.01,0
Salmo,salar,56.75,12.25,1501:362:3,37,9.3,19.62,1649,0.03,15
Salmo,salar,56.75,16.25,1501:466:3,13,8.64,9.07,1676,0.03,4
Salmo,salar,56.75,10.25,1501:360:3,7,9.67,19.62,1262,0.03,5
Salmo,salar,56.75,20.75,1502:360:4,66,8.93,9.02,2028,0.03,46
Salmo,salar,56.75,20.25,1502:360:3,129,8.93,9.02,1694,0.008345,76
Salmo,salar,56.75,-6.75,7500:466:4,67,10.79,35.04,1281,0,15
Salmo,salar,56.75,-6.25,7500:466:3,11,10.79,35.04,1042,0,13
Salmo,salar,56.75,-5.75,7500:465:4,21,10.67,35,1162,0,6
Salmo,salar,56.75,-2.75,7500:362:4,32,9.68,35.04,863,0.01,1
Salmo,salar,56.75,-5.25,7500:465:3,7,10.67,35,1118,0,4
Salmo,salar,56.75,-2.25,7500:362:3,53,9.68,35.04,1307,0.01,12
Salmo,salar,57.25,12.25,1501:372:1,32,9.31,19.62,1654,0.03,7
Salmo,salar,57.25,10.75,1501:370:2,17,9.68,19.62,1372,0.03,14
Salmo,salar,57.25,18.75,1501:478:2,28,8.37,6.44,1632,0.01,11
Salmo,salar,57.25,10.25,1501:370:1,22,9.68,28.7,1545,0.02,2
Salmo,salar,57.25,16.75,1501:476:2,8,8.27,6.46,1566,0.06,13
Salmo,salar,57.25,16.25,1501:476:1,2,8.27,6.46,1774,0.04,0
Salmo,salar,57.25,9.75,1500:479:2,6,9.83,31.61,1689,0.01,4
Salmo,salar,57.25,24.25,1502:374:1,27,7.69,6.09,2669,0.25,10
Salmo,salar,57.25,-7.25,7500:477:1,57,10.8,34.97,1035,0,12
Salmo,salar,57.25,20.75,1502:370:2,77,8.56,6.46,1626,0.02,60
Salmo,salar,57.25,-6.75,7500:476:2,95,10.67,34.97,1172,0,14
Salmo,salar,57.25,-6.25,7500:476:1,13,10.67,34.97,1007,0,9
Salmo,salar,57.25,-2.25,7500:372:1,37,9.74,35.06,1100,0.0078949,2
Salmo,salar,57.25,-5.75,7500:475:2,21,10.51,35,1110,0,9
Salmo,salar,57.25,-5.25,7500:475:1,1,10.51,35,1014,0,1
Salmo,salar,57.25,-1.75,7500:371:2,40,9.72,35.06,1223,0.01,14
Salmo,salar,57.75,11.75,1501:371:4,5,9.5,19.62,1720,0.02,11
Salmo,salar,57.75,10.75,1501:370:4,63,9.68,28.7,1589,0.02,15
Salmo,salar,57.75,19.75,1501:479:4,109,8.47,6.44,1641,0.00884417,59
Salmo,salar,57.75,10.25,1501:370:3,46,9.68,28.7,1539,0.02,11
Salmo,salar,57.75,19.25,1501:479:3,32,8.47,6.44,1731,0.03,14
Salmo,salar,57.75,9.75,1500:479:4,56,9.83,28.7,1551,0.01,14
Salmo,salar,57.75,9.25,1500:479:3,132,9.83,31.61,1525,0.01,59
Salmo,salar,57.75,7.25,1500:477:3,300,9.91,32.38,1569,0.02,85
Salmo,salar,57.75,-7.75,7500:477:4,70,10.8,34.97,774,0,59
Salmo,salar,57.75,-7.25,7500:477:3,12,10.8,34.97,879,0,13
Salmo,salar,57.75,21.25,1502:371:3,54,8.51,6.88,1572,0.03,59
Salmo,salar,57.75,-6.75,7500:476:4,57,10.67,34.97,1034,0,13
Salmo,salar,57.75,-4.25,7500:374:3,18,10.23,35,1011,0,4
Salmo,salar,57.75,20.25,1502:370:3,145,8.56,6.46,1541,0.00303833,89
Salmo,salar,57.75,-6.25,7500:476:3,37,10.67,35,1104,0,12
Salmo,salar,57.75,-3.75,7500:373:4,39,9.9,35.15,1138,0,10
Salmo,salar,57.75,-3.25,7500:373:3,62,9.9,35.15,1078,0,8
Salmo,salar,57.75,-2.75,7500:372:4,45,9.74,35.15,1094,0.00290537,9
Salmo,salar,57.75,-5.75,7500:475:4,41,10.51,35,1085,0,10
Salmo,salar,57.75,-2.25,7500:372:3,49,9.74,35.15,1133,0.01,9
Salmo,salar,57.75,-5.25,7500:475:3,19,10.51,35,940,0,2
Salmo,salar,57.75,-1.75,7500:371:4,62,9.72,35.06,1074,0.00849917,13
Salmo,salar,58.25,6.75,1500:486:2,62,9.73,33.11,1409,0.01,6
Salmo,salar,58.25,16.75,1501:486:2,1,7.95,6.46,1712,0.05,7
Salmo,salar,58.25,6.25,1500:486:1,243,9.73,33.11,1404,0.01,11
Salmo,salar,58.25,5.75,1500:485:2,270,9.66,33.72,1401,0.02,59
Salmo,salar,58.25,-7.25,7500:487:1,70,10.48,35.18,1000,0,14
Salmo,salar,58.25,-6.75,7500:486:2,32,10.41,35.18,962,0,7
Salmo,salar,58.25,-6.25,7500:486:1,53,10.41,35,878,0,10
Salmo,salar,58.25,-4.75,7500:384:2,1,10.14,35,980,0,0
Salmo,salar,58.25,-5.25,7500:485:1,42,10.31,35,1072,0,9
Salmo,salar,58.25,-3.75,7500:383:2,62,9.88,35.22,945,0,3
Salmo,salar,58.25,-68.25,7506:488:1,2,-1.04,31.39,411,0.48,3
Salmo,salar,58.25,-3.25,7500:383:1,69,9.88,35.15,956,0,11
Salmo,salar,58.25,-60.75,7506:380:2,188,0.11,33.24,569,0.34,110
Salmo,salar,58.25,8.75,1500:488:2,290,9.88,31.61,1673,0.01,13
Salmo,salar,58.25,8.25,1500:488:1,127,9.88,31.61,1409,0.01,7
Salmo,salar,58.25,7.75,1500:487:2,16,9.83,32.38,1433,0.01,2
Salmo,salar,58.25,11.75,1501:381:2,1,9.6,28.7,1867,0.02,5
Salmo,salar,58.25,17.25,1501:487:1,35,7.78,6.46,1738,0.04,44
Salmo,salar,58.25,7.25,1500:487:1,1,9.83,32.38,1918,0.01,3
Salmo,salar,58.25,11.25,1501:381:1,40,9.6,28.7,1863,0.03,14
Salmo,salar,58.75,6.25,1500:486:3,1,9.73,33.11,1339,0.01,1
Salmo,salar,58.75,16.25,1501:486:3,1,7.95,6.46,1816,0.03,1
Salmo,salar,58.75,5.75,1500:485:4,21,9.66,33.79,1326,0.01,5
Salmo,salar,58.75,-4.75,7500:384:4,67,10.14,35.2,1070,0,12
Salmo,salar,58.75,-4.25,7500:384:3,69,10.14,35.2,1085,0,13
Salmo,salar,58.75,-5.25,7500:485:3,81,10.31,35,978,0,14
Salmo,salar,58.75,-70.25,7507:380:3,1,-0.65,31.39,476,0.48,1
Salmo,salar,58.75,-3.75,7500:383:4,77,9.88,35.22,984,0,11
Salmo,salar,58.75,-3.25,7500:383:3,26,9.88,35.22,820,0,10
Salmo,salar,58.75,23.25,1502:383:3,8,7.69,6.13,2420,0.11,12
Salmo,salar,58.75,-68.25,7506:488:3,35,-1.04,31.39,426,0.47,11
Salmo,salar,58.75,9.75,1500:489:4,202,9.82,28.7,1745,0.02,14
Salmo,salar,58.75,9.25,1500:489:3,111,9.82,28.7,1719,0.01,8
Salmo,salar,58.75,8.75,1500:488:4,12,9.88,31.61,1437,0.01,0
Salmo,salar,58.75,17.75,1501:487:4,20,7.78,7,1867,0.04,13
Salmo,salar,58.75,11.25,1501:381:3,6,9.6,28.7,2006,0.03,8
Salmo,salar,58.75,17.25,1501:487:3,8,7.78,7,1635,0.03,8
Salmo,salar,58.75,16.75,1501:486:4,1,7.95,6.46,1879,0.03,2
Salmo,salar,59.25,-3.25,7500:393:1,44,9.81,35.22,848,0,12
Salmo,salar,59.25,9.75,1500:499:2,1,9.75,28.7,2030,0.01,1
Salmo,salar,59.25,6.75,1500:496:2,1,9.66,33.01,1240,0.01,0
Salmo,salar,59.25,6.25,1500:496:1,8,9.61,33.41,1183,0.01,5
Salmo,salar,59.25,5.75,1500:495:2,44,9.53,33.41,1079,0.02,12
Salmo,salar,59.25,5.25,1500:495:1,78,9.53,33.41,1284,0.01,12
Salmo,salar,59.25,11.25,1501:391:1,6,9.59,28.7,1765,0.02,3
Salmo,salar,59.25,10.75,1501:390:2,19,9.72,28.7,1847,0.01,10
Salmo,salar,59.25,18.25,1501:498:1,1,7.21,7,1748,0.03,8
Salmo,salar,59.25,10.25,1501:390:1,4,9.72,28.7,2106,0.01,4
Salmo,salar,59.75,-1.25,7500:391:3,83,9.76,35.13,589,0,56
Salmo,salar,59.75,22.25,1502:392:3,18,7.42,6.28,1971,0.11,56
Salmo,salar,59.75,20.25,1502:390:3,25,7.43,6.36,1868,0.03,84
Salmo,salar,59.75,-65.75,7506:495:4,105,-0.82,32.45,503,0.5,14
Salmo,salar,59.75,6.75,1500:496:4,1,9.55,33.09,1177,0.01,0
Salmo,salar,59.75,6.25,1500:496:3,1,9.61,33.41,1142,0.01,2
Salmo,salar,59.75,-60.25,7506:390:3,1163,0.4,33.4,600,0.2,206
Salmo,salar,59.75,5.75,1500:495:4,17,9.53,33.41,1105,0.01,7
Salmo,salar,59.75,5.25,1500:495:3,10,9.53,33.41,1054,0.01,11
Salmo,salar,59.75,10.75,1501:390:4,17,9.72,28.7,1807,0.01,4
Salmo,salar,59.75,10.25,1501:390:3,1,9.72,28.7,2041,0.01,2
Salmo,salar,59.75,18.75,1501:498:4,1,7.21,6.53,1714,0.05,6
Salmo,salar,60.25,6.75,1600:206:2,8,9.43,33.15,1176,0.01,2
Salmo,salar,60.25,6.25,1600:206:1,65,9.4,33.4,1150,0.01,4
Salmo,salar,60.25,5.75,1600:205:2,39,9.42,33.4,1012,0.01,5
Salmo,salar,60.25,5.25,1600:205:1,10,9.42,33.4,933,0.01,10
Salmo,salar,60.25,-1.75,7600:101:2,38,9.62,35.16,584,0,13
Salmo,salar,60.25,4.75,1600:104:2,216,9.48,33.4,1036,0.02,55
Salmo,salar,60.25,-1.25,7600:101:1,5,9.62,35.16,606,0.00015961,10
Salmo,salar,60.25,18.75,1601:208:2,6,6.74,5.96,1849,0.1,11
Salmo,salar,60.25,18.25,1601:208:1,6,6.74,5.63,1809,0.07,2
Salmo,salar,60.75,7.25,1600:207:3,1,9.32,32.99,1160,0.01,0
Salmo,salar,60.75,6.75,1600:206:4,1,9.3,33.23,1065,0.01,1
Salmo,salar,60.75,5.75,1600:205:4,1,9.42,33.4,1095,0.01,1
Salmo,salar,60.75,5.25,1600:205:3,5,9.42,33.4,1114,0.01,7
Salmo,salar,60.75,-1.25,7600:101:3,60,9.62,35.16,517,0,12
Salmo,salar,60.75,4.75,1600:104:4,137,9.48,33.4,943,0.01,13
Salmo,salar,60.75,18.75,1601:208:4,11,6.74,5.63,1848,0.07,54
Salmo,salar,60.75,1.25,1600:101:3,137,9.65,34.71,536,0.000235,136
Salmo,salar,60.75,-0.75,7600:100:4,54,9.65,35.09,489,0.0006525,13
Salmo,salar,60.75,18.25,1601:208:3,27,6.74,5.63,1835,0.08,13
Salmo,salar,60.75,17.75,1601:207:4,37,6.7,5.61,1775,0.1,11
Salmo,salar,60.75,17.25,1601:207:3,5,6.7,5.61,1913,0.08,4
Salmo,salar,61.25,-8.25,7600:218:1,350,9.19,35.2,384,0,107
Salmo,salar,61.25,4.75,1600:114:2,48,9.37,33.09,775,0.01,13
Salmo,salar,61.25,18.25,1601:218:1,89,6.25,5.63,1802,0.06,67
Salmo,salar,61.25,17.25,1601:217:1,6,6.25,5.61,1626,0.08,9
Salmo,salar,61.25,7.75,1600:217:2,1,9.22,32.95,1047,0.00678358,1
Salmo,salar,61.25,7.25,1600:217:1,25,9.19,33.23,964,0.00617778,4
Salmo,salar,61.25,6.75,1600:216:2,71,9.17,33.41,960,0.00677697,3
Salmo,salar,61.25,6.25,1600:216:1,94,9.16,33.09,964,0.00736195,2
Salmo,salar,61.25,5.75,1600:215:2,77,9.29,33.09,965,0.00884825,2
Salmo,salar,61.25,5.25,1600:215:1,14,9.29,33.09,1026,0.00910579,6
Salmo,salar,61.75,4.75,1600:114:4,61,9.37,33.09,876,0.00531917,13
Salmo,salar,61.75,6.75,1600:216:4,1,9.06,33.7,960,0.00568179,1
Salmo,salar,61.75,6.25,1600:216:3,5,9.16,34.2,913,0.00590408,1
Salmo,salar,61.75,5.75,1600:215:4,1,9.29,33.09,894,0.00578348,2
Salmo,salar,61.75,5.25,1600:215:3,6,9.29,33.09,922,0.00574393,7
Salmo,salar,62.25,18.75,1601:228:2,218,5.91,5.4,1882,0.07,78
Salmo,salar,62.25,-17.25,7601:227:1,2113,8.79,35.18,394,0,148
Salmo,salar,62.25,4.75,1600:124:2,158,9.22,34.25,868,0.007165,52
Salmo,salar,62.25,-6.25,7600:226:1,61,7.95,35.11,380,0.00187333,13
Salmo,salar,62.25,17.25,1601:227:1,4,5.97,5.61,2052,0.08,1
Salmo,salar,62.25,7.25,1600:227:1,6,8.93,33.95,965,0.00681703,1
Salmo,salar,62.25,6.75,1600:226:2,9,9,34.2,948,0.00573546,2
Salmo,salar,62.25,6.25,1600:226:1,45,9,34.2,929,0.00543982,5
Salmo,salar,62.25,5.75,1600:225:2,21,9.13,34.43,876,0.0070675,7
Salmo,salar,62.25,5.25,1600:225:1,70,9.13,34.25,932,0.00440167,11
Salmo,salar,62.75,18.75,1601:228:4,163,5.91,5.4,2016,0.11,51
Salmo,salar,62.75,-54.25,7605:124:3,2273,2.07,33.68,563,0.03,187
Salmo,salar,62.75,17.75,1601:227:4,11,5.97,5.4,2113,0.1,2
Salmo,salar,62.75,17.25,1601:227:3,1,6.07,7.5,2082,0.09,1
Salmo,salar,62.75,8.75,1600:228:4,1,8.93,33.95,968,0.00722207,1
Salmo,salar,62.75,8.25,1600:228:3,10,8.93,33.95,940,0.00756368,2
Salmo,salar,62.75,7.75,1600:227:4,2,8.93,33.95,935,0.00748411,3
Salmo,salar,62.75,7.25,1600:227:3,23,8.93,33.95,972,0.00731325,5
Salmo,salar,62.75,6.75,1600:226:4,22,9,34.2,1003,0.00617475,9
Salmo,salar,62.75,6.25,1600:226:3,36,9,34.2,958,0.00626167,12
Salmo,salar,62.75,5.75,1600:225:4,79,9.13,34.43,952,0.00511,51
Salmo,salar,63.25,18.25,1601:238:1,1,5.7,5.4,2136,0.11,1
Salmo,salar,63.25,17.75,1601:237:2,1,5.95,7.57,2008,0.1,0
Salmo,salar,63.25,9.75,1600:239:2,42,8.85,34.5,1083,0.00726769,1
Salmo,salar,63.25,9.25,1600:239:1,7,8.85,34.5,992,0.00761715,2
Salmo,salar,63.25,8.75,1600:238:2,9,8.89,34.54,960,0.00715541,4
Salmo,salar,63.25,8.25,1600:238:1,7,8.89,33.95,1008,0.0075444,7
Salmo,salar,63.25,7.75,1600:237:2,46,8.92,33.95,1044,0.00937333,11
Salmo,salar,63.25,7.25,1600:237:1,145,8.92,33.95,1059,0.01,12
Salmo,salar,63.25,10.75,1601:130:2,78,8.76,34.5,1088,0.00885952,1
Salmo,salar,63.25,10.25,1601:130:1,52,8.76,34.5,1073,0.00815028,2
Salmo,salar,63.25,19.25,1601:239:1,73,5.33,5.46,2211,0.12,10
Salmo,salar,63.25,18.75,1601:238:2,28,5.7,5.4,2247,0.14,6
Salmo,salar,63.75,9.75,1600:239:4,25,8.85,34.5,1011,0.00785611,8
Salmo,salar,63.75,9.25,1600:239:3,121,8.85,34.5,1191,0.00861,11
Salmo,salar,63.75,20.75,1602:130:4,7,5.19,5.51,2001,0.2,10
Salmo,salar,63.75,20.25,1602:130:3,15,5.19,5.51,2168,0.18,6
Salmo,salar,63.75,8.75,1600:238:4,7,8.89,34.54,1000,0.00617813,9
Salmo,salar,63.75,8.25,1600:238:3,104,8.89,34.54,1028,0.01,12
Salmo,salar,63.75,-16.75,7601:236:4,101,8.57,35.2,550,0.00305573,10
Salmo,salar,63.75,38.25,1603:238:3,27,2.41,26.21,1532,0.36,0
Salmo,salar,63.75,37.75,1603:237:4,33,2.31,26.21,1755,0.41,3
Salmo,salar,63.75,37.25,1603:237:3,43,2.31,26.48,1743,0.39,3
Salmo,salar,63.75,11.25,1601:131:3,37,8.61,33.25,951,0.00964403,4
Salmo,salar,63.75,10.75,1601:130:4,59,8.76,34.5,1073,0.0091394,5
Salmo,salar,63.75,10.25,1601:130:3,59,8.76,34.5,1090,0.00834508,4
Salmo,salar,63.75,19.75,1601:239:4,4,5.33,5.46,2339,0.14,2
Salmo,salar,63.75,19.25,1601:239:3,1,5.33,5.46,2451,0.12,0
Salmo,salar,64.25,21.25,1602:141:1,35,4.31,3.56,2172,0.23,7
Salmo,salar,64.25,20.75,1602:140:2,5,4.8,3.56,1935,0.21,0
Salmo,salar,64.25,-51.75,7605:141:2,36,0.7,32.9,639,0.07,4
Salmo,salar,64.25,-22.25,7602:142:1,32,6.33,35.4,668,0.01,10
Salmo,salar,64.25,38.25,1603:248:1,15,2.2,26.21,1296,0.36,0
Salmo,salar,64.25,37.25,1603:247:1,17,2.1,26.48,1382,0.41,10
Salmo,salar,64.25,36.75,1603:246:2,15,1.97,26.48,1329,0.38,12
Salmo,salar,64.25,35.75,1603:245:2,5,1.77,26.75,1064,0.33,3
Salmo,salar,64.25,35.25,1603:245:1,5,1.77,26.75,933,0.29,3
Salmo,salar,64.25,11.25,1601:141:1,40,8.58,33.25,807,0.01,1
Salmo,salar,64.25,10.75,1601:140:2,42,8.67,33.79,810,0.00914162,0
Salmo,salar,64.25,10.25,1601:140:1,138,8.67,34.5,732,0.00855447,6
Salmo,salar,64.25,9.75,1600:249:2,236,8.78,34.5,694,0.0099425,12
Salmo,salar,64.25,9.25,1600:249:1,210,8.78,34.5,652,0.00998583,12
Salmo,salar,64.75,21.25,1602:141:3,12,4.31,3.56,2249,0.28,5
Salmo,salar,64.75,39.25,1603:249:3,36,2.25,26.15,1403,0.28,8
Salmo,salar,64.75,38.25,1603:248:3,22,2.2,26.21,1242,0.27,5
Salmo,salar,64.75,40.25,1604:140:3,8,2.22,26.15,1150,0.38,4
Salmo,salar,64.75,36.75,1603:246:4,12,1.97,26.48,1228,0.31,4
Salmo,salar,64.75,11.75,1601:141:4,4,8.58,33.25,716,0.01,0
Salmo,salar,64.75,11.25,1601:141:3,10,8.58,33.25,787,0.02,3
Salmo,salar,64.75,34.75,1603:144:4,2,1.83,26.75,911,0.27,2
Salmo,salar,64.75,10.75,1601:140:4,113,8.67,33.79,787,0.00806833,10
Salmo,salar,65.25,-53.25,7605:353:1,148,0.82,32.72,647,0.09,12
Salmo,salar,65.25,34.25,1603:354:1,1,1.67,26.75,827,0.28,0
Salmo,salar,65.25,12.75,1601:352:2,0,8.15,33.31,724,0.01,0
Salmo,salar,65.25,12.25,1601:352:1,3,8.15,33.25,668,0.0098048,2
Salmo,salar,65.25,11.75,1601:351:2,9,8.43,33.25,715,0.0033875,9
Salmo,salar,65.25,11.25,1601:351:1,33,8.43,33.25,595,0.007055,11
Salmo,salar,65.25,22.75,1602:352:2,36,4.03,3.56,1914,0.27,12
Salmo,salar,65.25,21.25,1602:351:1,1,4.11,3.56,2326,0.26,0
Salmo,salar,65.75,34.75,1603:354:4,24,1.67,26.75,717,0.27,5
Salmo,salar,65.75,40.25,1604:350:3,33,2.21,26.15,1354,0.3,5
Salmo,salar,65.75,12.75,1601:352:4,5,8.15,33.31,619,0.01,0
Salmo,salar,65.75,12.25,1601:352:3,4,8.15,33.31,644,0.01,8
Salmo,salar,65.75,11.75,1601:351:4,37,8.43,33.25,715,0.01,10
Salmo,salar,65.75,11.25,1601:351:3,163,8.43,33.25,621,0.0009575,46
Salmo,salar,65.75,24.25,1602:354:3,5,3.87,3.56,2333,0.33,7
Salmo,salar,65.75,23.25,1602:353:3,18,3.93,3.56,2587,0.34,7
Salmo,salar,65.75,22.75,1602:352:4,7,4.03,3.56,2608,0.29,6
Salmo,salar,65.75,22.25,1602:352:3,0,4.03,3.56,2440,0.27,3
Salmo,salar,66.25,44.25,1604:364:1,8,1.66,31.03,756,0.32,2
Salmo,salar,66.25,43.25,1604:363:1,11,1.86,31.03,914,0.3,2
Salmo,salar,66.25,33.75,1603:363:2,43,2.46,26.75,805,0.35,3
Salmo,salar,66.25,42.75,1604:362:2,9,2.01,31.13,936,0.28,1
Salmo,salar,66.25,41.75,1604:361:2,25,2.13,31.25,1171,0.29,5
Salmo,salar,66.25,13.25,1601:363:1,6,7.81,33.31,543,0.01,0
Salmo,salar,66.25,12.75,1601:362:2,14,8,33.31,558,0.01,5
Salmo,salar,66.25,12.25,1601:362:1,56,8,33.31,596,0.03,10
Salmo,salar,66.25,39.25,1603:469:1,29,2.32,26.15,1057,0.26,3
Salmo,salar,66.25,11.75,1601:361:2,198,8.28,33.66,525,0.01,45
Salmo,salar,66.25,38.75,1603:468:2,20,2.41,26.21,864,0.26,2
Salmo,salar,66.25,38.25,1603:468:1,25,2.41,26.21,887,0.25,2
Salmo,salar,66.25,37.75,1603:467:2,37,2.36,26.21,1017,0.25,3
Salmo,salar,66.25,36.75,1603:466:2,65,2.23,26.48,1050,0.24,7
Salmo,salar,66.25,36.25,1603:466:1,98,2.23,26.48,1023,0.23,7
Salmo,salar,66.25,35.25,1603:465:1,160,2.05,26.75,818,0.28,11
Salmo,salar,66.75,34.75,1603:364:4,33,2.04,26.75,799,0.34,2
Salmo,salar,66.75,34.25,1603:364:3,111,2.04,26.75,818,0.51,4
Salmo,salar,66.75,32.75,1603:362:4,20,2.86,26.75,800,0.64,3
Salmo,salar,66.75,41.25,1604:361:3,36,2.13,31.25,1023,0.27,8
Salmo,salar,66.75,40.75,1604:360:4,18,2.21,31.25,851,0.28,2
Salmo,salar,66.75,13.75,1601:363:4,3,7.81,33.34,531,0.01,0
Salmo,salar,66.75,13.25,1601:363:3,11,7.81,33.34,544,0.02,6
Salmo,salar,66.75,12.75,1601:362:4,55,8,33.31,551,0.02,10
Salmo,salar,67.25,15.25,1601:475:1,6,7.51,33.34,650,0.03,0
Salmo,salar,67.25,32.75,1603:372:2,6,3.67,26.75,723,0.5,1
Salmo,salar,67.25,32.25,1603:372:1,5,3.67,34.34,618,0.43,1
Salmo,salar,67.25,41.25,1604:371:1,25,2.29,31.25,855,0.23,6
Salmo,salar,67.25,31.75,1603:371:2,1,3.86,34.27,659,0.32,0
Salmo,salar,67.25,14.75,1601:374:2,27,7.61,33.34,610,0.02,1
Salmo,salar,67.25,14.25,1601:374:1,53,7.61,33.34,556,0.01,5
Salmo,salar,67.25,13.75,1601:373:2,156,7.72,33.34,498,0.02,9
Salmo,salar,67.25,47.75,1604:477:2,8,1.27,32.91,717,0.38,6
Salmo,salar,67.75,40.25,1604:370:3,31,2.42,33.38,862,0.07,1
Salmo,salar,67.75,14.75,1601:374:4,71,7.61,33.34,503,0.01,7
Salmo,salar,67.75,13.25,1601:373:3,175,7.72,33.34,439,0.01,10
Salmo,salar,67.75,12.25,1601:372:3,125,7.89,33.75,500,0.00226167,10
Salmo,salar,67.75,49.25,1604:479:3,10,1.13,32.91,583,0.31,2
Salmo,salar,67.75,48.25,1604:478:3,18,1.18,32.91,719,0.31,7
Salmo,salar,67.75,15.75,1601:475:4,6,7.51,34.72,630,0.07,0
Salmo,salar,67.75,15.25,1601:475:3,7,7.51,34.72,580,0.03,2
Salmo,salar,68.25,41.25,1604:381:1,53,2.64,32.97,631,0.09,62
Salmo,salar,68.25,14.75,1601:384:2,199,7.58,34.75,564,0.01,6
Salmo,salar,68.25,14.25,1601:384:1,95,7.58,34.34,481,0.02,7
Salmo,salar,68.25,13.75,1601:383:2,100,7.66,34.34,518,0.01,6
Salmo,salar,68.25,13.25,1601:383:1,128,7.66,34.34,543,0.01,7
Salmo,salar,68.25,39.75,1603:489:2,64,3.44,33.68,518,0.06,8
Salmo,salar,68.25,38.75,1603:488:2,64,3.78,33.68,599,0.02,3
Salmo,salar,68.25,17.25,1601:487:1,43,7.3,34.65,519,0.02,1
Salmo,salar,68.25,16.75,1601:486:2,20,7.36,34.65,527,0.04,1
Salmo,salar,68.25,16.25,1601:486:1,11,7.36,34.65,494,0.06,2
Salmo,salar,68.25,54.25,1605:384:1,2,0.98,32.75,878,0.43,5
Salmo,salar,68.25,15.75,1601:485:2,97,7.48,34.72,467,0.17,4
Salmo,salar,68.25,15.25,1601:485:1,135,7.48,34.72,494,0.02,5
Salmo,salar,68.75,14.75,1601:384:4,72,7.58,34.75,561,0.02,4
Salmo,salar,68.75,37.75,1603:487:4,78,3.98,34.93,517,0.02,6
Salmo,salar,68.75,37.25,1603:487:3,68,3.98,34.93,633,0.01,3
Salmo,salar,68.75,36.75,1603:486:4,37,4.15,35.02,773,0.02,1
Salmo,salar,68.75,17.25,1601:487:3,21,7.3,34.65,524,0.01,1
Salmo,salar,68.75,16.75,1601:486:4,16,7.36,34.65,517,0.02,4
Salmo,salar,68.75,16.25,1601:486:3,47,7.36,34.65,502,0.05,2
Salmo,salar,68.75,15.75,1601:485:4,18,7.48,34.72,534,0.04,0
Salmo,salar,68.75,15.25,1601:485:3,20,7.48,34.72,570,0.02,3
Salmo,salar,68.75,43.75,1604:383:4,42,2.17,34.36,807,0.22,7
Salmo,salar,69.25,12.25,1601:392:1,2783,7.55,34.62,585,0.00062417,117
Salmo,salar,69.25,-54.25,7605:394:1,127,0.55,33.54,581,0.3,8
Salmo,salar,69.25,19.25,1601:499:1,8,7.01,34.25,525,0.01,0
Salmo,salar,69.25,18.75,1601:498:2,8,7.29,34.33,524,0.01,0
Salmo,salar,69.25,18.25,1601:498:1,7,7.29,34.33,540,0.00856125,0
Salmo,salar,69.25,35.75,1603:495:2,146,4.53,35.02,648,0.03,6
Salmo,salar,69.25,35.25,1603:495:1,97,4.53,34.65,623,0.04,5
Salmo,salar,69.25,17.75,1601:497:2,7,7.35,34.47,557,0.00840774,0
Salmo,salar,69.25,17.25,1601:497:1,12,7.35,34.65,493,0.01,2
Salmo,salar,69.25,16.75,1601:496:2,133,7.4,34.65,525,0.01,8
Salmo,salar,69.25,16.25,1601:496:1,272,7.4,34.65,564,0.01,8
Salmo,salar,69.25,15.75,1601:495:2,233,7.47,34.72,607,0.01,6
Salmo,salar,69.25,15.25,1601:495:1,281,7.47,34.72,594,0.01,9
Salmo,salar,69.25,20.25,1602:390:1,27,6.65,34.22,585,0.01,0
Salmo,salar,69.25,33.75,1603:393:2,122,4.85,34.4,687,0.03,4
Salmo,salar,69.25,32.75,1603:392:2,4,5.01,34.34,706,0.01,0
Salmo,salar,69.25,42.25,1604:392:1,76,2.77,34,706,0.06,88
Salmo,salar,69.75,19.75,1601:499:4,46,7.01,34.25,464,0.03,2
Salmo,salar,69.75,19.25,1601:499:3,12,7.01,34.25,502,0.01,0
Salmo,salar,69.75,18.75,1601:498:4,10,7.29,34.33,553,0.00928622,1
Salmo,salar,69.75,18.25,1601:498:3,61,7.29,34.33,589,0.01,5
Salmo,salar,69.75,17.75,1601:497:4,158,7.35,34.47,518,0.01,8
Salmo,salar,69.75,17.25,1601:497:3,151,7.35,34.47,570,0.01,9
Salmo,salar,69.75,29.75,1602:499:4,119,5.4,34.93,658,0.03,1
Salmo,salar,69.75,21.25,1602:391:3,13,6.47,34.22,563,0.00910831,1
Salmo,salar,69.75,20.75,1602:390:4,16,6.65,34.22,505,0.00947849,1
Salmo,salar,69.75,20.25,1602:390:3,39,6.65,34.22,485,0.01,3
Salmo,salar,69.75,32.25,1603:392:3,43,5.01,34.34,544,0.01,2
Salmo,salar,69.75,31.75,1603:391:4,65,5.14,34.27,491,0.01,4
Salmo,salar,69.75,31.25,1603:391:3,114,5.14,34.27,497,0.02,4
Salmo,salar,69.75,30.75,1603:390:4,227,5.29,34.27,515,0.04,3
Salmo,salar,69.75,30.25,1603:390:3,193,5.29,34.27,579,0.03,2
Salmo,salar,70.25,28.75,1702:208:2,21,5.87,34.91,624,0.01,1
Salmo,salar,70.25,-18.25,7701:208:1,1530,-0.98,33.59,472,0.34,150
Salmo,salar,70.25,26.75,1702:206:2,7,6.42,34.86,517,0.03,0
Salmo,salar,70.25,25.75,1702:205:2,104,6.52,34.88,551,0.01,0
Salmo,salar,70.25,25.25,1702:205:1,16,6.52,34.88,515,0.01,3
Salmo,salar,70.25,24.75,1702:104:2,0,6.54,34.91,575,0.00813838,0
Salmo,salar,70.25,43.25,1704:103:1,89,2.62,34.48,408,0.05,186
Salmo,salar,70.25,23.25,1702:103:1,12,6.53,34.97,637,0.01,2
Salmo,salar,70.25,31.25,1703:101:1,196,5.18,34.27,442,0.01,9
Salmo,salar,70.25,22.75,1702:102:2,62,6.54,34.99,597,0.03,2
Salmo,salar,70.25,22.25,1702:102:1,129,6.54,34.99,585,0.01,3
Salmo,salar,70.25,30.75,1703:100:2,169,5.36,34.27,440,0.02,5
Salmo,salar,70.25,30.25,1703:100:1,126,5.36,34.84,485,0.07,3
Salmo,salar,70.25,21.75,1702:101:2,128,6.6,34.9,566,0.00924955,3
Salmo,salar,70.25,21.25,1702:101:1,134,6.6,34.22,508,0.01,7
Salmo,salar,70.25,20.75,1702:100:2,156,6.74,34.22,548,0.01,6
Salmo,salar,70.25,19.75,1701:209:2,90,6.92,34.25,589,0.01,6
Salmo,salar,70.25,19.25,1701:209:1,77,6.92,34.25,621,0.01,6
Salmo,salar,70.25,29.75,1702:209:2,111,5.56,34.93,549,0.03,2
Salmo,salar,70.25,29.25,1702:209:1,26,5.56,34.93,578,0.01,1
Salmo,salar,70.75,27.25,1702:207:3,114,6.22,34.88,476,0.02,2
Salmo,salar,70.75,26.75,1702:206:4,121,6.42,34.86,427,0.09,6
Salmo,salar,70.75,26.25,1702:206:3,136,6.42,34.86,477,0.02,3
Salmo,salar,70.75,25.75,1702:205:4,62,6.52,34.88,503,0.01,5
Salmo,salar,70.75,25.25,1702:205:3,24,6.52,34.88,448,0.01,2
Salmo,salar,70.75,24.75,1702:104:4,6,6.54,34.91,509,0.00734168,1
Salmo,salar,70.75,24.25,1702:104:3,20,6.54,34.91,532,0.00787636,4
Salmo,salar,70.75,23.75,1702:103:4,102,6.53,34.97,529,0.01,5
Salmo,salar,70.75,23.25,1702:103:3,50,6.53,34.97,565,0.01,5
Salmo,salar,70.75,22.25,1702:102:3,143,6.54,34.99,595,0.01,6
Salmo,salar,70.75,30.75,1703:100:4,255,5.36,34.84,525,0.02,9
Salmo,salar,70.75,30.25,1703:100:3,256,5.36,34.84,489,0.02,6
Salmo,salar,70.75,21.75,1702:101:4,227,6.6,34.9,572,0.01,9
Salmo,salar,70.75,29.75,1702:209:4,247,5.56,34.93,529,0.01,5
Salmo,salar,70.75,29.25,1702:209:3,140,5.56,34.93,550,0.02,3
Salmo,salar,70.75,28.75,1702:208:4,74,5.87,34.91,592,0.01,2
Salmo,salar,70.75,28.25,1702:208:3,45,5.87,34.91,512,0.01,2
Salmo,salar,71.25,24.75,1702:114:2,192,6.12,34.91,514,0.01,8
Salmo,salar,71.25,24.25,1702:114:1,234,6.12,34.91,569,0.01,9
Salmo,salar,71.25,44.25,1704:114:1,189,2.03,34.63,563,0.03,254
Salmo,salar,71.25,28.75,1702:218:2,304,5.65,34.91,542,0.01,9
Salmo,salar,71.25,28.25,1702:218:1,293,5.65,34.91,434,0.02,8
Salmo,salar,71.25,26.25,1702:216:1,219,6.09,34.86,468,0.02,8
Salmo,salar,71.25,25.75,1702:215:2,267,6.14,34.88,476,0.00795583,6
Salmo,salar,71.25,25.25,1702:215:1,201,6.14,34.88,501,0.01,8
Salmo,salar,71.75,44.25,1704:114:3,176,2.03,34.63,498,0.02,261
Salmo,salar,71.75,-21.75,7702:111:4,278,-1.66,32.84,559,0.74,8
