Mapping parameters for Pagrus auratus (Silver seabream),,,,,,,,,,
,,,,,,,,,,
"Cite AquaMaps itself as: Kaschner, K., K. Kesner-Reyes, C. Garilao, J. Rius-Barile, T. Rees, and R. Froese. 2016. AquaMaps: Predicted range maps for aquatic species. World wide web electronic publication, www.aquamaps.org, Version 08/2016. ",,,,,,,,,,
,,,,,,,,,,
,,,,,,,,,,
,,,,,,,,,,
Occurrence cells used for creating environmental envelope (n = 922),,,,,,,,,,
Genus,Species,Center Lat,Center Long,C-Square,Depth,SST,Salinity,Primary Production,Sea Ice Conc.,Distance to Land
Pagrus,auratus,-46.75,168.75,3416:468:4,54,10.94,34.5,599,0,17
Pagrus,auratus,-43.75,173.25,3417:133:3,56,12.32,34.5,885,0,19
Pagrus,auratus,-43.75,169.75,3416:239:4,53,14.62,34.9,759,0,1
Pagrus,auratus,-43.75,169.25,3416:239:3,228,14.62,34.74,755,0,9
Pagrus,auratus,-43.75,147.75,3414:237:4,422,13.49,34.88,617,0,96
Pagrus,auratus,-43.75,173.25,3417:133:3,56,12.32,34.5,885,0,19
Pagrus,auratus,-43.75,169.75,3416:239:4,53,14.62,34.9,759,0,1
Pagrus,auratus,-43.75,169.25,3416:239:3,228,14.62,34.74,755,0,9
Pagrus,auratus,-43.25,173.25,3417:133:1,53,12.32,34.5,747,0,20
Pagrus,auratus,-43.25,172.75,3417:132:2,30,11.89,34.5,498,0,9
Pagrus,auratus,-43.25,173.25,3417:133:1,53,12.32,34.5,747,0,20
Pagrus,auratus,-43.25,172.75,3417:132:2,30,11.89,34.5,498,0,9
Pagrus,auratus,-42.75,173.75,3417:123:4,695,13.05,34.77,1021,0,49
Pagrus,auratus,-42.75,173.25,3417:123:3,57,13.05,34.5,638,0,7
Pagrus,auratus,-42.75,171.25,3417:121:3,31,14.94,34.81,738,0,2
Pagrus,auratus,-42.75,170.75,3417:120:4,133,14.91,34.81,1046,0,16
Pagrus,auratus,-42.75,173.75,3417:123:4,695,13.05,34.77,1021,0,49
Pagrus,auratus,-42.75,173.25,3417:123:3,57,13.05,34.5,638,0,7
Pagrus,auratus,-42.75,171.25,3417:121:3,31,14.94,34.81,738,0,2
Pagrus,auratus,-42.75,170.75,3417:120:4,133,14.91,34.81,1046,0,16
Pagrus,auratus,-42.25,170.75,3417:120:2,265,14.91,34.81,955,0,62
Pagrus,auratus,-42.25,178.75,3417:228:2,2308,14.31,34.92,828,0,277
Pagrus,auratus,-42.25,174.25,3417:124:1,909,13.63,34.77,1098,0,49
Pagrus,auratus,-42.25,178.75,3417:228:2,2308,14.31,34.92,828,0,277
Pagrus,auratus,-42.25,173.75,3417:123:2,311,13.05,34.77,883,0,10
Pagrus,auratus,-42.25,171.25,3417:121:1,85,14.94,34.81,885,0,13
Pagrus,auratus,-42.25,170.75,3417:120:2,265,14.91,34.81,955,0,62
Pagrus,auratus,-42.25,174.25,3417:124:1,909,13.63,34.77,1098,0,49
Pagrus,auratus,-42.25,148.25,3414:228:1,63,14.75,35.16,462,0,18
Pagrus,auratus,-42.25,173.75,3417:123:2,311,13.05,34.77,883,0,10
Pagrus,auratus,-42.25,171.25,3417:121:1,85,14.94,34.81,885,0,13
Pagrus,auratus,-41.75,174.25,3417:114:3,79,14.76,34.77,1148,0,15
Pagrus,auratus,-41.75,171.75,3417:111:4,79,15.1,35.2,493,0,7
Pagrus,auratus,-41.75,171.25,3417:111:3,130,15.1,35.08,1018,0,20
Pagrus,auratus,-41.75,174.25,3417:114:3,79,14.76,34.77,1148,0,15
Pagrus,auratus,-41.75,171.75,3417:111:4,79,15.1,35.2,493,0,7
Pagrus,auratus,-41.75,171.25,3417:111:3,130,15.1,35.08,1018,0,20
Pagrus,auratus,-41.25,176.25,3417:216:1,730,15.11,35.11,973,0,20
Pagrus,auratus,-41.25,174.75,3417:114:2,160,14.76,35,962,0,17
Pagrus,auratus,-41.25,175.75,3417:215:2,293,14.86,35.11,993,0,7
Pagrus,auratus,-41.25,174.25,3417:114:1,45,14.76,35,909,0,18
Pagrus,auratus,-41.25,175.25,3417:215:1,174,14.86,35,1003,0,3
Pagrus,auratus,-41.25,173.75,3417:113:2,6,14.64,35.02,826,0,5
Pagrus,auratus,-41.25,173.25,3417:113:1,60,14.64,35.02,677,0,9
Pagrus,auratus,-41.25,172.25,3417:112:1,139,15.17,35.2,428,0,5
Pagrus,auratus,-41.25,171.75,3417:111:2,110,15.1,35.2,1058,0,49
Pagrus,auratus,-41.25,171.25,3417:111:1,186,15.1,35.2,916,0,79
Pagrus,auratus,-41.25,176.25,3417:216:1,730,15.11,35.11,973,0,20
Pagrus,auratus,-41.25,175.75,3417:215:2,293,14.86,35.11,993,0,7
Pagrus,auratus,-41.25,175.25,3417:215:1,174,14.86,35,1003,0,3
Pagrus,auratus,-41.25,174.75,3417:114:2,160,14.76,35,962,0,17
Pagrus,auratus,-41.25,174.25,3417:114:1,45,14.76,35,909,0,18
Pagrus,auratus,-41.25,173.75,3417:113:2,6,14.64,35.02,826,0,5
Pagrus,auratus,-41.25,173.25,3417:113:1,60,14.64,35.02,677,0,9
Pagrus,auratus,-41.25,172.25,3417:112:1,139,15.17,35.2,428,0,5
Pagrus,auratus,-41.25,171.75,3417:111:2,110,15.1,35.2,1058,0,49
Pagrus,auratus,-41.25,171.25,3417:111:1,186,15.1,35.2,916,0,79
Pagrus,auratus,-40.75,174.25,3417:104:3,89,15.59,35,805,0,84
Pagrus,auratus,-40.75,146.25,3414:206:3,92,15.51,35.47,541,0,80
Pagrus,auratus,-40.75,145.75,3414:205:4,49,15.22,35.47,578,0,19
Pagrus,auratus,-40.75,145.25,3414:205:3,12,15.22,35.25,543,0,13
Pagrus,auratus,-40.75,173.75,3417:103:4,47,15.9,35.02,161,0,21
Pagrus,auratus,-40.75,173.25,3417:103:3,43,15.9,35.02,390,0,20
Pagrus,auratus,-40.75,144.75,3414:104:4,6,14.77,35.25,686,0,14
Pagrus,auratus,-40.75,176.75,3417:206:4,492,15.7,35.34,940,0,49
Pagrus,auratus,-40.75,176.25,3417:206:3,58,15.7,35.11,827,0,9
Pagrus,auratus,-40.75,172.75,3417:102:4,42,15.87,35.02,671,0,9
Pagrus,auratus,-40.75,172.25,3417:102:3,81,15.87,35.2,717,0,13
Pagrus,auratus,-40.75,175.25,3417:205:3,49,15.44,35,966,0,5
Pagrus,auratus,-40.75,171.75,3417:101:4,181,15.47,35.2,652,0,80
Pagrus,auratus,-40.75,174.75,3417:104:4,126,15.59,35,875,0,21
Pagrus,auratus,-40.75,174.25,3417:104:3,89,15.59,35,805,0,84
Pagrus,auratus,-40.75,173.75,3417:103:4,47,15.9,35.02,161,0,21
Pagrus,auratus,-40.75,148.25,3414:208:3,30,15.77,35.36,379,0,16
Pagrus,auratus,-40.75,173.25,3417:103:3,43,15.9,35.02,390,0,20
Pagrus,auratus,-40.75,147.75,3414:207:4,40,15.71,35.4,480,0,15
Pagrus,auratus,-40.75,176.75,3417:206:4,492,15.7,35.34,940,0,49
Pagrus,auratus,-40.75,147.25,3414:207:3,47,15.71,35.4,593,0,20
Pagrus,auratus,-40.75,176.25,3417:206:3,58,15.7,35.11,827,0,9
Pagrus,auratus,-40.75,172.75,3417:102:4,42,15.87,35.02,671,0,9
Pagrus,auratus,-40.75,172.25,3417:102:3,81,15.87,35.2,717,0,13
Pagrus,auratus,-40.75,175.25,3417:205:3,49,15.44,35,966,0,5
Pagrus,auratus,-40.75,146.75,3414:206:4,66,15.51,35.47,553,0,49
Pagrus,auratus,-40.75,146.25,3414:206:3,92,15.51,35.47,541,0,80
Pagrus,auratus,-40.75,171.75,3417:101:4,181,15.47,35.2,652,0,80
Pagrus,auratus,-40.75,145.75,3414:205:4,49,15.22,35.47,578,0,19
Pagrus,auratus,-40.75,145.25,3414:205:3,12,15.22,35.25,543,0,13
Pagrus,auratus,-40.75,148.25,3414:208:3,30,15.77,35.36,379,0,16
Pagrus,auratus,-40.75,147.75,3414:207:4,40,15.71,35.4,480,0,15
Pagrus,auratus,-40.75,144.75,3414:104:4,6,14.77,35.25,686,0,14
Pagrus,auratus,-40.75,147.25,3414:207:3,47,15.71,35.4,593,0,20
Pagrus,auratus,-40.75,144.25,3414:104:3,83,14.77,35.25,236,0,80
Pagrus,auratus,-40.75,174.75,3417:104:4,126,15.59,35,875,0,21
Pagrus,auratus,-40.25,143.75,3414:103:2,80,14.55,35.27,483,0,21
Pagrus,auratus,-40.25,174.75,3417:104:2,84,15.59,35,762,0,64
Pagrus,auratus,-40.25,174.25,3417:104:1,103,15.59,35,500,0,98
Pagrus,auratus,-40.25,145.25,3414:205:1,42,15.22,35.43,640,0,85
Pagrus,auratus,-40.25,173.75,3417:103:2,84,15.9,35.02,142,0,98
Pagrus,auratus,-40.25,144.75,3414:104:2,48,14.77,35.25,727,0,21
Pagrus,auratus,-40.25,173.25,3417:103:1,81,15.9,35.02,707,0,98
Pagrus,auratus,-40.25,143.75,3414:103:2,80,14.55,35.27,483,0,21
Pagrus,auratus,-40.25,176.75,3417:206:2,157,15.7,35.34,799,0,12
Pagrus,auratus,-40.25,172.75,3417:102:2,105,15.87,35.31,775,0,90
Pagrus,auratus,-40.25,175.25,3417:205:1,47,15.44,35,916,0,10
Pagrus,auratus,-40.25,172.25,3417:102:1,204,15.87,35.31,656,0,98
Pagrus,auratus,-40.25,174.75,3417:104:2,84,15.59,35,762,0,64
Pagrus,auratus,-40.25,174.25,3417:104:1,103,15.59,35,500,0,98
Pagrus,auratus,-40.25,173.75,3417:103:2,84,15.9,35.02,142,0,98
Pagrus,auratus,-40.25,173.25,3417:103:1,81,15.9,35.02,707,0,98
Pagrus,auratus,-40.25,147.75,3414:207:2,41,15.71,35.4,521,0,21
Pagrus,auratus,-40.25,176.75,3417:206:2,157,15.7,35.34,799,0,12
Pagrus,auratus,-40.25,147.25,3414:207:1,55,15.71,35.4,628,0,85
Pagrus,auratus,-40.25,172.75,3417:102:2,105,15.87,35.31,775,0,90
Pagrus,auratus,-40.25,175.25,3417:205:1,47,15.44,35,916,0,10
Pagrus,auratus,-40.25,172.25,3417:102:1,204,15.87,35.31,656,0,98
Pagrus,auratus,-40.25,146.75,3414:206:2,77,15.51,35.47,584,0,98
Pagrus,auratus,-40.25,146.25,3414:206:1,74,15.51,35.47,572,0,112
Pagrus,auratus,-40.25,145.75,3414:205:2,67,15.22,35.43,581,0,98
Pagrus,auratus,-40.25,145.25,3414:205:1,42,15.22,35.43,640,0,85
Pagrus,auratus,-40.25,147.75,3414:207:2,41,15.71,35.4,521,0,21
Pagrus,auratus,-40.25,144.75,3414:104:2,48,14.77,35.25,727,0,21
Pagrus,auratus,-40.25,147.25,3414:207:1,55,15.71,35.4,628,0,85
Pagrus,auratus,-39.75,173.25,3317:393:3,116,16.1,35.25,352,0,113
Pagrus,auratus,-39.75,177.75,3317:497:4,715,16.37,35.45,849,0,86
Pagrus,auratus,-39.75,174.75,3317:394:4,28,16.04,35,1028,0,8
Pagrus,auratus,-39.75,172.75,3317:392:4,171,16.05,35.31,617,0,145
Pagrus,auratus,-39.75,177.25,3317:497:3,174,16.37,35.34,783,0,21
Pagrus,auratus,-39.75,174.25,3317:394:3,36,16.04,35.25,689,0,18
Pagrus,auratus,-39.75,172.25,3317:392:3,259,16.05,35.31,578,0,151
Pagrus,auratus,-39.75,173.75,3317:393:4,86,16.1,35.25,169,0,81
Pagrus,auratus,-39.75,173.25,3317:393:3,116,16.1,35.25,352,0,113
Pagrus,auratus,-39.75,172.75,3317:392:4,171,16.05,35.31,617,0,145
Pagrus,auratus,-39.75,177.75,3317:497:4,715,16.37,35.45,849,0,86
Pagrus,auratus,-39.75,172.25,3317:392:3,259,16.05,35.31,578,0,151
Pagrus,auratus,-39.75,177.25,3317:497:3,174,16.37,35.34,783,0,21
Pagrus,auratus,-39.75,148.75,3314:498:4,297,16.01,35.45,714,0,86
Pagrus,auratus,-39.75,148.25,3314:498:3,24,16.01,35.45,367,0,18
Pagrus,auratus,-39.75,144.75,3314:394:4,58,15.09,35.41,740,0,86
Pagrus,auratus,-39.75,144.25,3314:394:3,19,15.09,35.41,483,0,17
Pagrus,auratus,-39.75,147.75,3314:497:4,29,15.73,35.45,638,0,20
Pagrus,auratus,-39.75,143.75,3314:393:4,70,14.94,35.38,301,0,19
Pagrus,auratus,-39.75,147.25,3314:497:3,59,15.73,35.45,657,0,86
Pagrus,auratus,-39.75,148.75,3314:498:4,297,16.01,35.45,714,0,86
Pagrus,auratus,-39.75,148.25,3314:498:3,24,16.01,35.45,367,0,18
Pagrus,auratus,-39.75,147.75,3314:497:4,29,15.73,35.45,638,0,20
Pagrus,auratus,-39.75,147.25,3314:497:3,59,15.73,35.45,657,0,86
Pagrus,auratus,-39.75,144.75,3314:394:4,58,15.09,35.41,740,0,86
Pagrus,auratus,-39.75,144.25,3314:394:3,19,15.09,35.41,483,0,17
Pagrus,auratus,-39.75,146.75,3314:496:4,78,15.51,35.45,628,0,113
Pagrus,auratus,-39.75,146.25,3314:496:3,74,15.51,35.45,629,0,98
Pagrus,auratus,-39.75,174.75,3317:394:4,28,16.04,35,1028,0,8
Pagrus,auratus,-39.75,143.75,3314:393:4,70,14.94,35.38,301,0,19
Pagrus,auratus,-39.75,174.25,3317:394:3,36,16.04,35.25,689,0,18
Pagrus,auratus,-39.75,145.75,3314:495:4,73,15.3,35.43,652,0,113
Pagrus,auratus,-39.75,173.75,3317:393:4,86,16.1,35.25,169,0,81
Pagrus,auratus,-39.75,145.25,3314:495:3,64,15.3,35.43,693,0,113
Pagrus,auratus,-39.25,145.75,3314:495:2,71,15.3,35.43,695,0,86
Pagrus,auratus,-39.25,173.75,3317:393:2,93,16.1,35.25,160,0,17
Pagrus,auratus,-39.25,145.25,3314:495:1,67,15.3,35.43,704,0,114
Pagrus,auratus,-39.25,178.25,3317:498:1,638,16.6,35.45,824,0,81
Pagrus,auratus,-39.25,173.25,3317:393:1,123,16.1,35.25,133,0,86
Pagrus,auratus,-39.25,177.75,3317:497:2,52,16.37,35.45,920,0,20
Pagrus,auratus,-39.25,172.75,3317:392:2,167,16.05,35.31,436,0,129
Pagrus,auratus,-39.25,177.25,3317:497:1,42,16.37,35.45,593,0,18
Pagrus,auratus,-39.25,176.75,3317:496:2,6,16.12,35.34,955,0,2
Pagrus,auratus,-39.25,173.75,3317:393:2,93,16.1,35.25,160,0,17
Pagrus,auratus,-39.25,173.25,3317:393:1,123,16.1,35.25,133,0,86
Pagrus,auratus,-39.25,178.25,3317:498:1,638,16.6,35.45,824,0,81
Pagrus,auratus,-39.25,172.75,3317:392:2,167,16.05,35.31,436,0,129
Pagrus,auratus,-39.25,177.75,3317:497:2,52,16.37,35.45,920,0,20
Pagrus,auratus,-39.25,177.25,3317:497:1,42,16.37,35.45,593,0,18
Pagrus,auratus,-39.25,176.75,3317:496:2,6,16.12,35.34,955,0,2
Pagrus,auratus,-39.25,148.75,3314:498:2,571,16.01,35.45,779,0,113
Pagrus,auratus,-39.25,148.25,3314:498:1,53,16.01,35.45,518,0,99
Pagrus,auratus,-39.25,143.25,3314:393:1,101,14.94,35.38,172,0,90
Pagrus,auratus,-39.25,147.75,3314:497:2,47,15.73,35.45,868,0,86
Pagrus,auratus,-39.25,147.25,3314:497:1,52,15.73,35.45,716,0,21
Pagrus,auratus,-39.25,146.75,3314:496:2,57,15.51,35.45,671,0,86
Pagrus,auratus,-39.25,148.75,3314:498:2,571,16.01,35.45,779,0,113
Pagrus,auratus,-39.25,146.25,3314:496:1,67,15.51,35.45,618,0,21
Pagrus,auratus,-39.25,148.25,3314:498:1,53,16.01,35.45,518,0,99
Pagrus,auratus,-39.25,145.25,3314:495:1,67,15.3,35.43,704,0,114
Pagrus,auratus,-39.25,147.75,3314:497:2,47,15.73,35.45,868,0,86
Pagrus,auratus,-39.25,147.25,3314:497:1,52,15.73,35.45,716,0,21
Pagrus,auratus,-39.25,144.75,3314:394:2,59,15.09,35.41,749,0,113
Pagrus,auratus,-39.25,144.25,3314:394:1,66,15.09,35.41,657,0,98
Pagrus,auratus,-39.25,146.75,3314:496:2,57,15.51,35.45,671,0,86
Pagrus,auratus,-39.25,146.25,3314:496:1,67,15.51,35.45,618,0,21
Pagrus,auratus,-39.25,143.75,3314:393:2,92,14.94,35.38,162,0,90
Pagrus,auratus,-39.25,174.25,3317:394:1,25,16.04,35.25,956,0,0
Pagrus,auratus,-39.25,143.25,3314:393:1,101,14.94,35.38,172,0,90
Pagrus,auratus,-38.75,144.75,3314:384:4,72,15.29,35.41,748,0,82
Pagrus,auratus,-38.75,146.75,3314:486:4,17,15.57,35.45,501,0,17
Pagrus,auratus,-38.75,144.25,3314:384:3,73,15.29,35.41,749,0,49
Pagrus,auratus,-38.75,146.25,3314:486:3,14,15.57,35.45,693,0,10
Pagrus,auratus,-38.75,145.75,3314:485:4,42,15.4,35.43,743,0,15
Pagrus,auratus,-38.75,145.25,3314:485:3,58,15.4,35.43,773,0,82
Pagrus,auratus,-38.75,143.75,3314:383:4,70,15.2,35.38,708,0,14
Pagrus,auratus,-38.75,148.25,3314:488:3,111,16.23,35.5,294,0,114
Pagrus,auratus,-38.75,143.25,3314:383:3,66,15.2,35.38,573,0,14
Pagrus,auratus,-38.75,142.75,3314:382:4,74,15.25,35.38,528,0,21
Pagrus,auratus,-38.75,174.75,3317:384:4,33,16.51,35.43,894,0,5
Pagrus,auratus,-38.75,142.25,3314:382:3,273,15.25,35.38,671,0,82
Pagrus,auratus,-38.75,174.25,3317:384:3,68,16.51,35.43,523,0,20
Pagrus,auratus,-38.75,147.75,3314:487:4,55,15.82,35.5,731,0,82
Pagrus,auratus,-38.75,178.25,3317:488:3,254,17.1,35.45,916,0,20
Pagrus,auratus,-38.75,147.25,3314:487:3,44,15.82,35.45,752,0,49
Pagrus,auratus,-38.75,141.75,3314:381:4,665,15.26,35.36,659,0,90
Pagrus,auratus,-38.75,173.75,3317:383:4,124,16.46,35.43,345,0,81
Pagrus,auratus,-38.75,177.75,3317:487:4,32,17.15,35.45,971,0,3
Pagrus,auratus,-38.75,141.25,3314:381:3,1359,15.26,35.49,625,0,90
Pagrus,auratus,-38.75,173.25,3317:383:3,135,16.46,35.43,364,0,114
Pagrus,auratus,-38.75,146.75,3314:486:4,17,15.57,35.45,501,0,17
Pagrus,auratus,-38.75,174.75,3317:384:4,33,16.51,35.43,894,0,5
Pagrus,auratus,-38.75,146.25,3314:486:3,14,15.57,35.45,693,0,10
Pagrus,auratus,-38.75,174.25,3317:384:3,68,16.51,35.43,523,0,20
Pagrus,auratus,-38.75,172.75,3317:382:4,292,16.38,35.4,484,0,146
Pagrus,auratus,-38.75,145.75,3314:485:4,42,15.4,35.43,743,0,15
Pagrus,auratus,-38.75,178.25,3317:488:3,254,17.1,35.45,916,0,20
Pagrus,auratus,-38.75,145.25,3314:485:3,58,15.4,35.43,773,0,82
Pagrus,auratus,-38.75,173.75,3317:383:4,124,16.46,35.43,345,0,81
Pagrus,auratus,-38.75,173.25,3317:383:3,135,16.46,35.43,364,0,114
Pagrus,auratus,-38.75,177.75,3317:487:4,32,17.15,35.45,971,0,3
Pagrus,auratus,-38.75,172.75,3317:382:4,292,16.38,35.4,484,0,146
Pagrus,auratus,-38.75,144.75,3314:384:4,72,15.29,35.41,748,0,82
Pagrus,auratus,-38.75,144.25,3314:384:3,73,15.29,35.41,749,0,49
Pagrus,auratus,-38.75,143.75,3314:383:4,70,15.2,35.38,708,0,14
Pagrus,auratus,-38.75,143.25,3314:383:3,66,15.2,35.38,573,0,14
Pagrus,auratus,-38.75,142.75,3314:382:4,74,15.25,35.38,528,0,21
Pagrus,auratus,-38.75,148.25,3314:488:3,111,16.23,35.5,294,0,114
Pagrus,auratus,-38.75,142.25,3314:382:3,273,15.25,35.38,671,0,82
Pagrus,auratus,-38.75,147.75,3314:487:4,55,15.82,35.5,731,0,82
Pagrus,auratus,-38.75,141.75,3314:381:4,665,15.26,35.36,659,0,90
Pagrus,auratus,-38.75,147.25,3314:487:3,44,15.82,35.45,752,0,49
Pagrus,auratus,-38.75,141.25,3314:381:3,1359,15.26,35.49,625,0,90
Pagrus,auratus,-38.25,140.75,3314:380:2,317,15.32,35.49,674,0,21
Pagrus,auratus,-38.25,140.25,3314:380:1,1364,15.32,35.49,617,0,82
Pagrus,auratus,-38.25,144.75,3314:384:2,30,15.29,35.41,751,0,19
Pagrus,auratus,-38.25,149.75,3314:489:2,928,16.94,35.54,921,0,98
Pagrus,auratus,-38.25,144.25,3314:384:1,37,15.29,35.41,718,0,7
Pagrus,auratus,-38.25,149.25,3314:489:1,795,16.94,35.54,897,0,89
Pagrus,auratus,-38.25,139.75,3313:489:2,2427,15.23,35.45,609,0,114
Pagrus,auratus,-38.25,145.75,3314:485:2,4,15.4,35.43,711,0,1
Pagrus,auratus,-38.25,148.75,3314:488:2,501,16.23,35.5,896,0,89
Pagrus,auratus,-38.25,139.25,3313:489:1,3197,15.23,35.45,597,0,147
Pagrus,auratus,-38.25,145.25,3314:485:1,10,15.4,35.43,749,0,12
Pagrus,auratus,-38.25,148.25,3314:488:1,81,16.23,35.5,273,0,82
Pagrus,auratus,-38.25,142.75,3314:382:2,14,15.25,35.38,668,0,2
Pagrus,auratus,-38.25,174.75,3317:384:2,44,16.51,35.43,852,0,12
Pagrus,auratus,-38.25,178.75,3317:488:2,368,17.1,35.52,870,0,66
Pagrus,auratus,-38.25,142.25,3314:382:1,20,15.25,35.38,672,0,7
Pagrus,auratus,-38.25,174.25,3317:384:1,89,16.51,35.43,306,0,66
Pagrus,auratus,-38.25,147.75,3314:487:2,42,15.82,35.5,662,0,22
Pagrus,auratus,-38.25,178.25,3317:488:1,34,17.1,35.52,909,0,8
Pagrus,auratus,-38.25,147.25,3314:487:1,18,15.82,35.5,621,0,9
Pagrus,auratus,-38.25,141.75,3314:381:2,29,15.26,35.49,559,0,10
Pagrus,auratus,-38.25,173.75,3317:383:2,315,16.46,35.43,471,0,109
Pagrus,auratus,-38.25,141.25,3314:381:1,73,15.26,35.49,681,0,15
Pagrus,auratus,-38.25,174.75,3317:384:2,44,16.51,35.43,852,0,12
Pagrus,auratus,-38.25,140.75,3314:380:2,317,15.32,35.49,674,0,21
Pagrus,auratus,-38.25,174.25,3317:384:1,89,16.51,35.43,306,0,66
Pagrus,auratus,-38.25,178.75,3317:488:2,368,17.1,35.52,870,0,66
Pagrus,auratus,-38.25,145.75,3314:485:2,4,15.4,35.43,711,0,1
Pagrus,auratus,-38.25,178.25,3317:488:1,34,17.1,35.52,909,0,8
Pagrus,auratus,-38.25,140.25,3314:380:1,1364,15.32,35.49,617,0,82
Pagrus,auratus,-38.25,145.25,3314:485:1,10,15.4,35.43,749,0,12
Pagrus,auratus,-38.25,173.75,3317:383:2,315,16.46,35.43,471,0,109
Pagrus,auratus,-38.25,139.75,3313:489:2,2427,15.23,35.45,609,0,114
Pagrus,auratus,-38.25,139.25,3313:489:1,3197,15.23,35.45,597,0,147
Pagrus,auratus,-38.25,144.75,3314:384:2,30,15.29,35.41,751,0,19
Pagrus,auratus,-38.25,144.25,3314:384:1,37,15.29,35.41,718,0,7
Pagrus,auratus,-38.25,149.75,3314:489:2,928,16.94,35.54,921,0,98
Pagrus,auratus,-38.25,149.25,3314:489:1,795,16.94,35.54,897,0,89
Pagrus,auratus,-38.25,148.75,3314:488:2,501,16.23,35.5,896,0,89
Pagrus,auratus,-38.25,142.75,3314:382:2,14,15.25,35.38,668,0,2
Pagrus,auratus,-38.25,148.25,3314:488:1,81,16.23,35.5,273,0,82
Pagrus,auratus,-38.25,142.25,3314:382:1,20,15.25,35.38,672,0,7
Pagrus,auratus,-38.25,147.75,3314:487:2,42,15.82,35.5,662,0,22
Pagrus,auratus,-38.25,141.75,3314:381:2,29,15.26,35.49,559,0,10
Pagrus,auratus,-38.25,141.25,3314:381:1,73,15.26,35.49,681,0,15
Pagrus,auratus,-38.25,147.25,3314:487:1,18,15.82,35.5,621,0,9
Pagrus,auratus,-37.75,144.75,3314:374:4,19,15.72,35.41,632,0,4
Pagrus,auratus,-37.75,140.25,3314:370:3,82,15.68,35.49,741,0,17
Pagrus,auratus,-37.75,139.75,3313:479:4,617,15.74,35.45,615,0,82
Pagrus,auratus,-37.75,149.75,3314:479:4,95,17.6,35.54,979,0,18
Pagrus,auratus,-37.75,139.25,3313:479:3,1466,15.74,35.56,602,0,115
Pagrus,auratus,-37.75,149.25,3314:479:3,69,17.6,35.54,945,0,12
Pagrus,auratus,-37.75,148.75,3314:478:4,40,16.93,35.5,827,0,11
Pagrus,auratus,-37.75,148.25,3314:478:3,31,16.93,35.5,659,0,10
Pagrus,auratus,-37.75,178.75,3317:478:4,241,17.59,35.5,985,0,22
Pagrus,auratus,-37.75,147.75,3314:477:4,9,16.27,35.5,531,0,5
Pagrus,auratus,-37.75,150.25,3315:370:3,1042,18.21,35.54,869,0,82
Pagrus,auratus,-37.75,178.25,3317:478:3,20,17.59,35.63,808,0,5
Pagrus,auratus,-37.75,145.25,3314:475:3,21,15.8,35.43,802,0,1
Pagrus,auratus,-37.75,174.75,3317:374:4,58,17.13,35.38,617,0,16
Pagrus,auratus,-37.75,177.75,3317:477:4,132,17.89,35.63,767,0,10
Pagrus,auratus,-37.75,174.25,3317:374:3,226,17.13,35.38,355,0,66
Pagrus,auratus,-37.75,177.25,3317:477:3,145,17.89,35.63,1056,0,20
Pagrus,auratus,-37.75,176.75,3317:476:4,120,17.9,35.59,805,0,15
Pagrus,auratus,-37.75,150.25,3315:370:3,1042,18.21,35.54,869,0,82
Pagrus,auratus,-37.75,144.75,3314:374:4,19,15.72,35.41,632,0,4
Pagrus,auratus,-37.75,149.75,3314:479:4,95,17.6,35.54,979,0,18
Pagrus,auratus,-37.75,176.25,3317:476:3,10,17.9,35.59,689,0,8
Pagrus,auratus,-37.75,178.75,3317:478:4,241,17.59,35.5,985,0,22
Pagrus,auratus,-37.75,140.25,3314:370:3,82,15.68,35.49,741,0,17
Pagrus,auratus,-37.75,173.75,3317:373:4,1027,16.93,35.38,446,0,110
Pagrus,auratus,-37.75,149.25,3314:479:3,69,17.6,35.54,945,0,12
Pagrus,auratus,-37.75,178.25,3317:478:3,20,17.59,35.63,808,0,5
Pagrus,auratus,-37.75,174.75,3317:374:4,58,17.13,35.38,617,0,16
Pagrus,auratus,-37.75,148.75,3314:478:4,40,16.93,35.5,827,0,11
Pagrus,auratus,-37.75,174.25,3317:374:3,226,17.13,35.38,355,0,66
Pagrus,auratus,-37.75,177.75,3317:477:4,132,17.89,35.63,767,0,10
Pagrus,auratus,-37.75,139.75,3313:479:4,617,15.74,35.45,615,0,82
Pagrus,auratus,-37.75,148.25,3314:478:3,31,16.93,35.5,659,0,10
Pagrus,auratus,-37.75,177.25,3317:477:3,145,17.89,35.63,1056,0,20
Pagrus,auratus,-37.75,139.25,3313:479:3,1466,15.74,35.56,602,0,115
Pagrus,auratus,-37.75,147.75,3314:477:4,9,16.27,35.5,531,0,5
Pagrus,auratus,-37.75,176.75,3317:476:4,120,17.9,35.59,805,0,15
Pagrus,auratus,-37.75,145.25,3314:475:3,21,15.8,35.43,802,0,1
Pagrus,auratus,-37.75,173.75,3317:373:4,1027,16.93,35.38,446,0,110
Pagrus,auratus,-37.75,176.25,3317:476:3,10,17.9,35.59,689,0,8
Pagrus,auratus,-37.25,139.75,3313:479:2,69,15.74,35.56,724,0,17
Pagrus,auratus,-37.25,149.75,3314:479:2,9,17.6,35.54,889,0,2
Pagrus,auratus,-37.25,139.25,3313:479:1,228,15.74,35.56,968,0,83
Pagrus,auratus,-37.25,138.75,3313:478:2,758,15.77,35.56,651,0,122
Pagrus,auratus,-37.25,138.25,3313:478:1,1388,15.77,35.57,587,0,164
Pagrus,auratus,-37.25,150.75,3315:370:2,3972,18.21,35.54,704,0,89
Pagrus,auratus,-37.25,178.25,3317:478:1,1453,17.59,35.63,644,0,97
Pagrus,auratus,-37.25,150.25,3315:370:1,391,18.21,35.54,858,0,22
Pagrus,auratus,-37.25,174.75,3317:374:2,26,17.13,35.54,617,0,11
Pagrus,auratus,-37.25,174.25,3317:374:1,242,17.13,35.38,358,0,82
Pagrus,auratus,-37.25,150.75,3315:370:2,3972,18.21,35.54,704,0,89
Pagrus,auratus,-37.25,176.25,3317:476:1,199,17.9,35.59,1078,0,82
Pagrus,auratus,-37.25,150.25,3315:370:1,391,18.21,35.54,858,0,22
Pagrus,auratus,-37.25,149.75,3314:479:2,9,17.6,35.54,889,0,2
Pagrus,auratus,-37.25,175.75,3317:475:2,9,17.59,35.54,556,0,6
Pagrus,auratus,-37.25,178.25,3317:478:1,1453,17.59,35.63,644,0,97
Pagrus,auratus,-37.25,175.25,3317:475:1,33,17.59,35.54,769,0,3
Pagrus,auratus,-37.25,174.75,3317:374:2,26,17.13,35.54,617,0,11
Pagrus,auratus,-37.25,174.25,3317:374:1,242,17.13,35.38,358,0,82
Pagrus,auratus,-37.25,139.75,3313:479:2,69,15.74,35.56,724,0,17
Pagrus,auratus,-37.25,139.25,3313:479:1,228,15.74,35.56,968,0,83
Pagrus,auratus,-37.25,176.25,3317:476:1,199,17.9,35.59,1078,0,82
Pagrus,auratus,-37.25,138.75,3313:478:2,758,15.77,35.56,651,0,122
Pagrus,auratus,-37.25,175.75,3317:475:2,9,17.59,35.54,556,0,6
Pagrus,auratus,-37.25,138.25,3313:478:1,1388,15.77,35.57,587,0,164
Pagrus,auratus,-37.25,175.25,3317:475:1,33,17.59,35.54,769,0,3
Pagrus,auratus,-36.75,137.75,3313:467:4,127,16.34,35.61,119,0,116
Pagrus,auratus,-36.75,139.75,3313:469:4,38,16.11,35.65,713,0,16
Pagrus,auratus,-36.75,139.25,3313:469:3,42,16.11,35.65,864,0,67
Pagrus,auratus,-36.75,149.75,3314:469:4,9,18.45,35.65,808,0,2
Pagrus,auratus,-36.75,150.25,3315:360:3,399,19.09,35.65,856,0,22
Pagrus,auratus,-36.75,138.75,3313:468:4,46,16.3,35.65,175,0,111
Pagrus,auratus,-36.75,138.25,3313:468:3,68,16.3,35.65,150,0,150
Pagrus,auratus,-36.75,174.75,3317:364:4,8,17.6,35.54,558,0,10
Pagrus,auratus,-36.75,150.25,3315:360:3,399,19.09,35.65,856,0,22
Pagrus,auratus,-36.75,174.25,3317:364:3,75,17.6,35.54,497,0,19
Pagrus,auratus,-36.75,137.75,3313:467:4,127,16.34,35.61,119,0,116
Pagrus,auratus,-36.75,176.25,3317:466:3,451,18.08,35.59,851,0,89
Pagrus,auratus,-36.75,175.75,3317:465:4,32,17.85,35.54,740,0,14
Pagrus,auratus,-36.75,173.75,3317:363:4,867,17.42,35.54,428,0,89
Pagrus,auratus,-36.75,175.25,3317:465:3,20,17.85,35.54,844,0,19
Pagrus,auratus,-36.75,149.75,3314:469:4,9,18.45,35.65,808,0,2
Pagrus,auratus,-36.75,174.75,3317:364:4,8,17.6,35.54,558,0,10
Pagrus,auratus,-36.75,174.25,3317:364:3,75,17.6,35.54,497,0,19
Pagrus,auratus,-36.75,139.75,3313:469:4,38,16.11,35.65,713,0,16
Pagrus,auratus,-36.75,176.25,3317:466:3,451,18.08,35.59,851,0,89
Pagrus,auratus,-36.75,139.25,3313:469:3,42,16.11,35.65,864,0,67
Pagrus,auratus,-36.75,173.75,3317:363:4,867,17.42,35.54,428,0,89
Pagrus,auratus,-36.75,175.75,3317:465:4,32,17.85,35.54,740,0,14
Pagrus,auratus,-36.75,175.25,3317:465:3,20,17.85,35.54,844,0,19
Pagrus,auratus,-36.75,138.75,3313:468:4,46,16.3,35.65,175,0,111
Pagrus,auratus,-36.75,138.25,3313:468:3,68,16.3,35.65,150,0,150
Pagrus,auratus,-36.25,138.75,3313:468:2,56,16.3,35.65,522,0,98
Pagrus,auratus,-36.25,138.25,3313:468:1,57,16.3,35.65,368,0,100
Pagrus,auratus,-36.25,137.75,3313:467:2,56,16.34,35.61,298,0,90
Pagrus,auratus,-36.25,122.25,3312:362:1,5266,16.5,35.5,523,0,311
Pagrus,auratus,-36.25,139.75,3313:469:2,45,16.11,35.65,501,0,11
Pagrus,auratus,-36.25,139.25,3313:469:1,51,16.11,35.65,747,0,67
Pagrus,auratus,-36.25,150.75,3315:360:2,3450,19.09,35.65,689,0,67
Pagrus,auratus,-36.25,150.25,3315:360:1,300,19.09,35.65,825,0,17
Pagrus,auratus,-36.25,138.75,3313:468:2,56,16.3,35.65,522,0,98
Pagrus,auratus,-36.25,138.25,3313:468:1,57,16.3,35.65,368,0,100
Pagrus,auratus,-36.25,150.75,3315:360:2,3450,19.09,35.65,689,0,67
Pagrus,auratus,-36.25,174.75,3317:364:2,30,17.6,35.54,420,0,14
Pagrus,auratus,-36.25,150.25,3315:360:1,300,19.09,35.65,825,0,17
Pagrus,auratus,-36.25,137.75,3313:467:2,56,16.34,35.61,298,0,90
Pagrus,auratus,-36.25,174.25,3317:364:1,15,17.6,35.54,473,0,13
Pagrus,auratus,-36.25,173.75,3317:363:2,395,17.42,35.54,481,0,21
Pagrus,auratus,-36.25,175.75,3317:465:2,94,17.85,35.54,786,0,22
Pagrus,auratus,-36.25,175.25,3317:465:1,42,17.85,35.54,617,0,21
Pagrus,auratus,-36.25,174.75,3317:364:2,30,17.6,35.54,420,0,14
Pagrus,auratus,-36.25,174.25,3317:364:1,15,17.6,35.54,473,0,13
Pagrus,auratus,-36.25,122.25,3312:362:1,5266,16.5,35.5,523,0,311
Pagrus,auratus,-36.25,139.75,3313:469:2,45,16.11,35.65,501,0,11
Pagrus,auratus,-36.25,173.75,3317:363:2,395,17.42,35.54,481,0,21
Pagrus,auratus,-36.25,139.25,3313:469:1,51,16.11,35.65,747,0,67
Pagrus,auratus,-36.25,175.75,3317:465:2,94,17.85,35.54,786,0,22
Pagrus,auratus,-36.25,175.25,3317:465:1,42,17.85,35.54,617,0,21
Pagrus,auratus,-35.75,175.75,3317:455:4,301,18.25,35.61,540,0,101
Pagrus,auratus,-35.75,175.25,3317:455:3,175,18.25,35.61,637,0,90
Pagrus,auratus,-35.75,173.75,3317:353:4,77,17.98,35.54,520,0,6
Pagrus,auratus,-35.75,173.25,3317:353:3,335,17.98,35.52,492,0,22
Pagrus,auratus,-35.75,139.25,3313:459:3,30,16.57,35.65,399,0,14
Pagrus,auratus,-35.75,138.75,3313:458:4,33,16.78,35.65,547,0,22
Pagrus,auratus,-35.75,138.25,3313:458:3,38,16.78,35.65,571,0,18
Pagrus,auratus,-35.75,137.75,3313:457:4,14,16.8,35.61,262,0,15
Pagrus,auratus,-35.75,137.25,3313:457:3,21,16.8,35.61,265,0,6
Pagrus,auratus,-35.75,136.75,3313:456:4,61,16.8,35.59,575,0,13
Pagrus,auratus,-35.75,136.25,3313:456:3,118,16.8,35.7,151,0,90
Pagrus,auratus,-35.75,151.25,3315:351:3,4360,19.98,35.59,640,0,113
Pagrus,auratus,-35.75,150.75,3315:350:4,1722,19.56,35.59,733,0,68
Pagrus,auratus,-35.75,150.25,3315:350:3,56,19.56,35.65,829,0,12
Pagrus,auratus,-35.75,139.25,3313:459:3,30,16.57,35.65,399,0,14
Pagrus,auratus,-35.75,151.25,3315:351:3,4360,19.98,35.59,640,0,113
Pagrus,auratus,-35.75,138.75,3313:458:4,33,16.78,35.65,547,0,22
Pagrus,auratus,-35.75,138.25,3313:458:3,38,16.78,35.65,571,0,18
Pagrus,auratus,-35.75,174.75,3317:354:4,72,18.12,35.61,638,0,22
Pagrus,auratus,-35.75,150.75,3315:350:4,1722,19.56,35.59,733,0,68
Pagrus,auratus,-35.75,174.25,3317:354:3,3,18.12,35.54,417,0,2
Pagrus,auratus,-35.75,175.75,3317:455:4,301,18.25,35.61,540,0,101
Pagrus,auratus,-35.75,150.25,3315:350:3,56,19.56,35.65,829,0,12
Pagrus,auratus,-35.75,137.75,3313:457:4,14,16.8,35.61,262,0,15
Pagrus,auratus,-35.75,175.25,3317:455:3,175,18.25,35.61,637,0,90
Pagrus,auratus,-35.75,137.25,3313:457:3,21,16.8,35.61,265,0,6
Pagrus,auratus,-35.75,173.75,3317:353:4,77,17.98,35.54,520,0,6
Pagrus,auratus,-35.75,173.25,3317:353:3,335,17.98,35.52,492,0,22
Pagrus,auratus,-35.75,174.75,3317:354:4,72,18.12,35.61,638,0,22
Pagrus,auratus,-35.75,136.75,3313:456:4,61,16.8,35.59,575,0,13
Pagrus,auratus,-35.75,174.25,3317:354:3,3,18.12,35.54,417,0,2
Pagrus,auratus,-35.75,136.25,3313:456:3,118,16.8,35.7,151,0,90
Pagrus,auratus,-35.25,174.75,3317:354:2,234,18.12,35.66,605,0,91
Pagrus,auratus,-35.25,136.75,3313:456:2,45,16.8,35.7,702,0,22
Pagrus,auratus,-35.25,173.25,3317:353:1,72,17.98,35.65,590,0,12
Pagrus,auratus,-35.25,174.25,3317:354:1,40,18.12,35.66,596,0,14
Pagrus,auratus,-35.25,136.25,3313:456:1,76,16.8,35.7,646,0,91
Pagrus,auratus,-35.25,172.75,3317:352:2,315,17.83,35.52,498,0,91
Pagrus,auratus,-35.25,117.25,3311:457:1,387,17.84,35.68,616,0,22
Pagrus,auratus,-35.25,173.75,3317:353:2,1,17.98,35.65,475,0,1
Pagrus,auratus,-35.25,173.25,3317:353:1,72,17.98,35.65,590,0,12
Pagrus,auratus,-35.25,172.75,3317:352:2,315,17.83,35.52,498,0,91
Pagrus,auratus,-35.25,138.75,3313:458:2,12,16.78,35.65,434,0,0
Pagrus,auratus,-35.25,138.25,3313:458:1,34,16.78,35.65,309,0,20
Pagrus,auratus,-35.25,137.75,3313:457:2,24,16.8,35.61,136,0,21
Pagrus,auratus,-35.25,137.25,3313:457:1,22,16.8,35.61,343,0,16
Pagrus,auratus,-35.25,136.75,3313:456:2,45,16.8,35.7,702,0,22
Pagrus,auratus,-35.25,136.25,3313:456:1,76,16.8,35.7,646,0,91
Pagrus,auratus,-35.25,135.25,3313:455:1,149,16.82,35.7,296,0,101
Pagrus,auratus,-35.25,153.75,3315:353:2,4870,20.15,35.61,563,0,299
Pagrus,auratus,-35.25,134.75,3313:354:2,568,16.83,35.65,463,0,117
Pagrus,auratus,-35.25,151.25,3315:351:1,2277,19.98,35.59,678,0,84
Pagrus,auratus,-35.25,153.75,3315:353:2,4870,20.15,35.61,563,0,299
Pagrus,auratus,-35.25,150.75,3315:350:2,184,19.56,35.59,796,0,20
Pagrus,auratus,-35.25,150.25,3315:350:1,9,19.56,35.59,809,0,1
Pagrus,auratus,-35.25,151.25,3315:351:1,2277,19.98,35.59,678,0,84
Pagrus,auratus,-35.25,117.75,3311:457:2,205,17.84,35.68,617,0,22
Pagrus,auratus,-35.25,138.25,3313:458:1,34,16.78,35.65,309,0,20
Pagrus,auratus,-35.25,174.75,3317:354:2,234,18.12,35.66,605,0,91
Pagrus,auratus,-35.25,150.75,3315:350:2,184,19.56,35.59,796,0,20
Pagrus,auratus,-35.25,174.25,3317:354:1,40,18.12,35.66,596,0,14
Pagrus,auratus,-35.25,150.25,3315:350:1,9,19.56,35.59,809,0,1
Pagrus,auratus,-35.25,137.75,3313:457:2,24,16.8,35.61,136,0,21
Pagrus,auratus,-35.25,137.25,3313:457:1,22,16.8,35.61,343,0,16
Pagrus,auratus,-35.25,173.75,3317:353:2,1,17.98,35.65,475,0,1
Pagrus,auratus,-34.75,151.25,3315:141:3,842,20.72,35.61,708,0,69
Pagrus,auratus,-34.75,138.75,3313:248:4,14,17.04,35.65,533,0,2
Pagrus,auratus,-34.75,174.25,3317:144:3,565,18.56,35.66,531,0,91
Pagrus,auratus,-34.75,150.75,3315:140:4,25,20.23,35.61,745,0,9
Pagrus,auratus,-34.75,119.25,3311:249:3,365,18.29,35.68,539,0,84
Pagrus,auratus,-34.75,138.25,3313:248:3,28,17.04,35.65,372,0,22
Pagrus,auratus,-34.75,173.75,3317:143:4,227,18.46,35.65,658,0,21
Pagrus,auratus,-34.75,173.25,3317:143:3,58,18.46,35.65,496,0,19
Pagrus,auratus,-34.75,137.75,3313:247:4,10,17.07,35.61,381,0,9
Pagrus,auratus,-34.75,137.25,3313:247:3,16,17.07,35.61,245,0,19
Pagrus,auratus,-34.75,172.75,3317:142:4,87,18.32,35.61,471,0,21
Pagrus,auratus,-34.75,174.25,3317:144:3,565,18.56,35.66,531,0,91
Pagrus,auratus,-34.75,172.25,3317:142:3,450,18.32,35.61,511,0,91
Pagrus,auratus,-34.75,173.75,3317:143:4,227,18.46,35.65,658,0,21
Pagrus,auratus,-34.75,173.25,3317:143:3,58,18.46,35.65,496,0,19
Pagrus,auratus,-34.75,136.75,3313:246:4,36,17.09,35.7,484,0,91
Pagrus,auratus,-34.75,134.75,3313:144:4,89,17.34,35.77,561,0,91
Pagrus,auratus,-34.75,136.25,3313:246:3,18,17.09,35.7,360,0,23
Pagrus,auratus,-34.75,134.25,3313:144:3,124,17.34,35.77,293,0,137
Pagrus,auratus,-34.75,172.75,3317:142:4,87,18.32,35.61,471,0,21
Pagrus,auratus,-34.75,172.25,3317:142:3,450,18.32,35.61,511,0,91
Pagrus,auratus,-34.75,135.75,3313:245:4,39,17.16,35.7,456,0,11
Pagrus,auratus,-34.75,133.75,3313:143:4,237,17.36,35.74,488,0,183
Pagrus,auratus,-34.75,135.25,3313:245:3,59,17.16,35.77,618,0,22
Pagrus,auratus,-34.75,138.75,3313:248:4,14,17.04,35.65,533,0,2
Pagrus,auratus,-34.75,138.25,3313:248:3,28,17.04,35.65,372,0,22
Pagrus,auratus,-34.75,137.75,3313:247:4,10,17.07,35.61,381,0,9
Pagrus,auratus,-34.75,137.25,3313:247:3,16,17.07,35.61,245,0,19
Pagrus,auratus,-34.75,151.75,3315:141:4,3958,20.72,35.61,641,0,114
Pagrus,auratus,-34.75,136.75,3313:246:4,36,17.09,35.7,484,0,91
Pagrus,auratus,-34.75,151.25,3315:141:3,842,20.72,35.61,708,0,69
Pagrus,auratus,-34.75,136.25,3313:246:3,18,17.09,35.7,360,0,23
Pagrus,auratus,-34.75,150.75,3315:140:4,25,20.23,35.61,745,0,9
Pagrus,auratus,-34.75,135.75,3313:245:4,39,17.16,35.7,456,0,11
Pagrus,auratus,-34.75,151.75,3315:141:4,3958,20.72,35.61,641,0,114
Pagrus,auratus,-34.75,135.25,3313:245:3,59,17.16,35.77,618,0,22
Pagrus,auratus,-34.25,135.25,3313:245:1,43,17.16,35.77,646,0,16
Pagrus,auratus,-34.25,151.75,3315:141:2,1787,20.72,35.61,624,0,85
Pagrus,auratus,-34.25,151.25,3315:141:1,181,20.72,35.61,735,0,21
Pagrus,auratus,-34.25,150.75,3315:140:2,11,20.23,35.61,801,0,2
Pagrus,auratus,-34.25,115.25,3311:245:1,39,19.3,35.72,617,0,11
Pagrus,auratus,-34.25,138.25,3313:248:1,40,17.04,35.65,602,0,9
Pagrus,auratus,-34.25,173.25,3317:143:1,896,18.46,35.65,625,0,92
Pagrus,auratus,-34.25,137.75,3313:247:2,15,17.07,35.61,407,0,3
Pagrus,auratus,-34.25,137.25,3313:247:1,21,17.07,35.7,141,0,85
Pagrus,auratus,-34.25,172.75,3317:142:2,147,18.32,35.61,482,0,21
Pagrus,auratus,-34.25,172.25,3317:142:1,275,18.32,35.61,652,0,23
Pagrus,auratus,-34.25,173.25,3317:143:1,896,18.46,35.65,625,0,92
Pagrus,auratus,-34.25,136.75,3313:246:2,28,17.09,35.7,78,0,85
Pagrus,auratus,-34.25,134.75,3313:144:2,84,17.34,35.77,839,0,85
Pagrus,auratus,-34.25,136.25,3313:246:1,24,17.09,35.7,248,0,13
Pagrus,auratus,-34.25,134.25,3313:144:1,91,17.34,35.77,611,0,118
Pagrus,auratus,-34.25,172.75,3317:142:2,147,18.32,35.61,482,0,21
Pagrus,auratus,-34.25,172.25,3317:142:1,275,18.32,35.61,652,0,23
Pagrus,auratus,-34.25,133.75,3313:143:2,93,17.36,35.74,532,0,154
Pagrus,auratus,-34.25,135.25,3313:245:1,43,17.16,35.77,646,0,16
Pagrus,auratus,-34.25,133.25,3313:143:1,116,17.36,35.74,497,0,191
Pagrus,auratus,-34.25,132.75,3313:142:2,364,17.33,35.71,433,0,224
Pagrus,auratus,-34.25,132.25,3313:142:1,874,17.33,35.71,373,0,262
Pagrus,auratus,-34.25,138.25,3313:248:1,40,17.04,35.65,602,0,9
Pagrus,auratus,-34.25,124.25,3312:144:1,719,17.63,35.75,574,0,118
Pagrus,auratus,-34.25,132.75,3313:142:2,364,17.33,35.71,433,0,224
Pagrus,auratus,-34.25,137.75,3313:247:2,15,17.07,35.61,407,0,3
Pagrus,auratus,-34.25,137.25,3313:247:1,21,17.07,35.7,141,0,85
Pagrus,auratus,-34.25,124.75,3312:144:2,1665,17.63,35.75,557,0,154
Pagrus,auratus,-34.25,124.25,3312:144:1,719,17.63,35.75,574,0,118
Pagrus,auratus,-34.25,151.75,3315:141:2,1787,20.72,35.61,624,0,85
Pagrus,auratus,-34.25,123.75,3312:143:2,111,17.63,35.79,478,0,97
Pagrus,auratus,-34.25,136.75,3313:246:2,28,17.09,35.7,78,0,85
Pagrus,auratus,-34.25,151.25,3315:141:1,181,20.72,35.61,735,0,21
Pagrus,auratus,-34.25,121.25,3312:141:1,150,17.9,35.79,458,0,88
Pagrus,auratus,-34.25,136.25,3313:246:1,24,17.09,35.7,248,0,13
Pagrus,auratus,-34.25,150.75,3315:140:2,11,20.23,35.61,801,0,2
Pagrus,auratus,-33.75,121.25,3312:131:3,99,18.14,35.79,316,0,9
Pagrus,auratus,-33.75,137.75,3313:237:4,19,17.37,35.7,514,0,13
Pagrus,auratus,-33.75,151.75,3315:131:4,335,21.15,35.61,535,0,69
Pagrus,auratus,-33.75,137.25,3313:237:3,17,17.37,35.7,136,0,19
Pagrus,auratus,-33.75,151.25,3315:131:3,38,21.15,35.61,702,0,12
Pagrus,auratus,-33.75,125.75,3312:235:4,596,18.04,35.84,537,0,150
Pagrus,auratus,-33.75,152.25,3315:132:3,2452,21.36,35.61,619,0,116
Pagrus,auratus,-33.75,115.25,3311:235:3,55,20.07,35.72,464,0,6
Pagrus,auratus,-33.75,125.25,3312:235:3,160,18.04,35.84,593,0,144
Pagrus,auratus,-33.75,136.75,3313:236:4,18,17.36,35.7,304,0,10
Pagrus,auratus,-33.75,136.25,3313:236:3,1,17.37,35.74,559,0,0
Pagrus,auratus,-33.75,151.75,3315:131:4,335,21.15,35.61,535,0,69
Pagrus,auratus,-33.75,151.25,3315:131:3,38,21.15,35.61,702,0,12
Pagrus,auratus,-33.75,137.75,3313:237:4,19,17.37,35.7,514,0,13
Pagrus,auratus,-33.75,137.25,3313:237:3,17,17.37,35.7,136,0,19
Pagrus,auratus,-33.75,134.75,3313:134:4,45,17.8,35.77,871,0,22
Pagrus,auratus,-33.75,134.25,3313:134:3,56,17.8,35.86,733,0,85
Pagrus,auratus,-33.75,125.25,3312:235:3,160,18.04,35.84,593,0,144
Pagrus,auratus,-33.75,136.75,3313:236:4,18,17.36,35.7,304,0,10
Pagrus,auratus,-33.75,133.75,3313:133:4,80,17.8,35.86,561,0,119
Pagrus,auratus,-33.75,133.25,3313:133:3,87,17.8,35.86,541,0,154
Pagrus,auratus,-33.75,134.75,3313:134:4,45,17.8,35.77,871,0,22
Pagrus,auratus,-33.75,115.25,3311:235:3,55,20.07,35.72,464,0,6
Pagrus,auratus,-33.75,134.25,3313:134:3,56,17.8,35.86,733,0,85
Pagrus,auratus,-33.75,132.75,3313:132:4,122,17.79,35.85,492,0,194
Pagrus,auratus,-33.75,132.25,3313:132:3,320,17.79,35.85,423,0,218
Pagrus,auratus,-33.75,132.25,3313:132:3,320,17.79,35.85,423,0,218
Pagrus,auratus,-33.75,124.75,3312:134:4,77,17.99,35.88,391,0,119
Pagrus,auratus,-33.75,131.75,3313:131:4,620,17.81,35.84,382,0,237
Pagrus,auratus,-33.75,131.25,3313:131:3,805,17.81,35.84,356,0,259
Pagrus,auratus,-33.75,152.25,3315:132:3,2452,21.36,35.61,619,0,116
Pagrus,auratus,-33.25,124.25,3312:134:1,39,17.99,35.88,506,0,20
Pagrus,auratus,-33.25,127.75,3312:237:2,344,17.86,35.81,622,0,144
Pagrus,auratus,-33.25,130.25,3313:130:1,351,17.82,35.84,561,0,199
Pagrus,auratus,-33.25,131.75,3313:131:2,124,17.81,35.84,545,0,192
Pagrus,auratus,-33.25,152.75,3315:132:2,3134,21.36,35.61,597,0,119
Pagrus,auratus,-33.25,127.25,3312:237:1,292,17.86,35.81,627,0,144
Pagrus,auratus,-33.25,131.25,3313:131:1,179,17.81,35.84,549,0,204
Pagrus,auratus,-33.25,138.25,3313:238:1,21,17.47,35.65,652,0,1
Pagrus,auratus,-33.25,152.25,3315:132:1,632,21.36,35.61,696,0,85
Pagrus,auratus,-33.25,126.75,3312:236:2,358,17.97,35.81,624,0,144
Pagrus,auratus,-33.25,130.75,3313:130:2,293,17.82,35.84,549,0,199
Pagrus,auratus,-33.25,126.25,3312:236:1,344,17.97,35.81,646,0,119
Pagrus,auratus,-33.25,130.25,3313:130:1,351,17.82,35.84,561,0,199
Pagrus,auratus,-33.25,137.75,3313:237:2,31,17.37,35.7,531,0,21
Pagrus,auratus,-33.25,151.75,3315:131:2,80,21.15,35.61,658,0,21
Pagrus,auratus,-33.25,137.25,3313:237:1,27,17.37,35.7,670,0,5
Pagrus,auratus,-33.25,151.25,3315:131:1,2,21.15,35.61,538,0,1
Pagrus,auratus,-33.25,152.75,3315:132:2,3134,21.36,35.61,597,0,119
Pagrus,auratus,-33.25,125.75,3312:235:2,100,18.04,35.84,354,0,97
Pagrus,auratus,-33.25,152.25,3315:132:1,632,21.36,35.61,696,0,85
Pagrus,auratus,-33.25,125.25,3312:235:1,59,18.04,35.84,265,0,88
Pagrus,auratus,-33.25,151.75,3315:131:2,80,21.15,35.61,658,0,21
Pagrus,auratus,-33.25,151.25,3315:131:1,2,21.15,35.61,538,0,1
Pagrus,auratus,-33.25,129.75,3312:239:2,262,17.8,35.85,579,0,199
Pagrus,auratus,-33.25,129.25,3312:239:1,267,17.8,35.85,611,0,192
Pagrus,auratus,-33.25,128.75,3312:238:2,427,17.79,35.84,628,0,167
Pagrus,auratus,-33.25,138.25,3313:238:1,21,17.47,35.65,652,0,1
Pagrus,auratus,-33.25,128.25,3312:238:1,429,17.79,35.84,629,0,150
Pagrus,auratus,-33.25,127.75,3312:237:2,344,17.86,35.81,622,0,144
Pagrus,auratus,-33.25,126.75,3312:236:2,358,17.97,35.81,624,0,144
Pagrus,auratus,-33.25,137.75,3313:237:2,31,17.37,35.7,531,0,21
Pagrus,auratus,-33.25,137.25,3313:237:1,27,17.37,35.7,670,0,5
Pagrus,auratus,-33.25,134.75,3313:134:2,24,17.8,35.86,610,0,12
Pagrus,auratus,-33.25,134.25,3313:134:1,49,17.8,35.86,777,0,22
Pagrus,auratus,-33.25,124.25,3312:134:1,39,17.99,35.88,506,0,20
Pagrus,auratus,-33.25,133.75,3313:133:2,64,17.8,35.86,769,0,85
Pagrus,auratus,-33.25,133.25,3313:133:1,77,17.8,35.86,674,0,127
Pagrus,auratus,-33.25,134.75,3313:134:2,24,17.8,35.86,610,0,12
Pagrus,auratus,-33.25,134.25,3313:134:1,49,17.8,35.86,777,0,22
Pagrus,auratus,-33.25,129.75,3312:239:2,262,17.8,35.85,579,0,199
Pagrus,auratus,-33.25,132.75,3313:132:2,88,17.79,35.84,604,0,150
Pagrus,auratus,-33.25,129.25,3312:239:1,267,17.8,35.85,611,0,192
Pagrus,auratus,-33.25,131.75,3313:131:2,124,17.81,35.84,545,0,192
Pagrus,auratus,-33.25,132.25,3313:132:1,104,17.79,35.84,563,0,167
Pagrus,auratus,-33.25,128.75,3312:238:2,427,17.79,35.84,628,0,167
Pagrus,auratus,-33.25,131.25,3313:131:1,179,17.81,35.84,549,0,204
Pagrus,auratus,-33.25,124.75,3312:134:2,47,17.99,35.88,367,0,85
Pagrus,auratus,-33.25,128.25,3312:238:1,429,17.79,35.84,629,0,150
Pagrus,auratus,-33.25,130.75,3313:130:2,293,17.82,35.84,549,0,199
Pagrus,auratus,-32.75,152.75,3315:122:4,709,21.75,35.65,654,0,86
Pagrus,auratus,-32.75,152.25,3315:122:3,83,21.75,35.61,769,0,20
Pagrus,auratus,-32.75,134.25,3313:124:3,20,18.02,35.86,602,0,12
Pagrus,auratus,-32.75,133.75,3313:123:4,44,18.03,35.86,1007,0,70
Pagrus,auratus,-32.75,151.75,3315:121:4,20,21.47,35.61,736,0,5
Pagrus,auratus,-32.75,133.25,3313:123:3,55,18.03,35.99,833,0,88
Pagrus,auratus,-32.75,134.25,3313:124:3,20,18.02,35.86,602,0,12
Pagrus,auratus,-32.75,133.75,3313:123:4,44,18.03,35.86,1007,0,70
Pagrus,auratus,-32.75,153.25,3315:123:3,3530,21.97,35.65,557,0,120
Pagrus,auratus,-32.75,132.75,3313:122:4,62,18.06,35.99,748,0,97
Pagrus,auratus,-32.75,133.25,3313:123:3,55,18.03,35.99,833,0,88
Pagrus,auratus,-32.75,129.75,3312:229:4,93,18.24,36.02,721,0,143
Pagrus,auratus,-32.75,132.25,3313:122:3,79,18.06,35.99,686,0,120
Pagrus,auratus,-32.75,137.75,3313:227:4,40,18.47,35.7,810,0,8
Pagrus,auratus,-32.75,152.75,3315:122:4,709,21.75,35.65,654,0,86
Pagrus,auratus,-32.75,129.25,3312:229:3,70,18.24,36.02,771,0,143
Pagrus,auratus,-32.75,152.25,3315:122:3,83,21.75,35.61,769,0,20
Pagrus,auratus,-32.75,132.75,3313:122:4,62,18.06,35.99,748,0,97
Pagrus,auratus,-32.75,128.75,3312:228:4,73,18.12,36.02,787,0,120
Pagrus,auratus,-32.75,132.25,3313:122:3,79,18.06,35.99,686,0,120
Pagrus,auratus,-32.75,153.25,3315:123:3,3530,21.97,35.65,557,0,120
Pagrus,auratus,-32.75,128.25,3312:228:3,63,18.12,36.02,801,0,97
Pagrus,auratus,-32.75,151.75,3315:121:4,20,21.47,35.61,736,0,5
Pagrus,auratus,-32.75,131.25,3313:121:3,76,18.2,35.99,658,0,150
Pagrus,auratus,-32.75,127.75,3312:227:4,58,18.18,36.02,790,0,88
Pagrus,auratus,-32.75,127.25,3312:227:3,53,18.18,35.81,764,0,88
Pagrus,auratus,-32.75,130.75,3313:120:4,81,18.25,36,665,0,143
Pagrus,auratus,-32.75,130.25,3313:120:3,85,18.25,36,670,0,143
Pagrus,auratus,-32.75,126.75,3312:226:4,50,18.27,35.81,754,0,88
Pagrus,auratus,-32.75,126.25,3312:226:3,42,18.27,35.81,714,0,86
Pagrus,auratus,-32.75,126.75,3312:226:4,50,18.27,35.81,754,0,88
Pagrus,auratus,-32.75,125.75,3312:225:4,54,18.33,35.84,577,0,23
Pagrus,auratus,-32.75,137.75,3313:227:4,40,18.47,35.7,810,0,8
Pagrus,auratus,-32.75,157.75,3315:227:4,2956,21.42,35.73,337,0,226
Pagrus,auratus,-32.25,152.75,3315:122:2,94,21.75,35.65,747,0,23
Pagrus,auratus,-32.25,134.25,3313:124:1,19,18.02,35.86,524,0,1
Pagrus,auratus,-32.25,152.25,3315:122:1,4,21.75,35.65,767,0,1
Pagrus,auratus,-32.25,133.75,3313:123:2,12,18.03,35.99,712,0,15
Pagrus,auratus,-32.25,134.25,3313:124:1,19,18.02,35.86,524,0,1
Pagrus,auratus,-32.25,115.75,3311:225:2,14,20.6,35.65,583,0,14
Pagrus,auratus,-32.25,133.25,3313:123:1,23,18.03,35.99,960,0,18
Pagrus,auratus,-32.25,153.25,3315:123:1,2212,21.97,35.65,546,0,86
Pagrus,auratus,-32.25,133.75,3313:123:2,12,18.03,35.99,712,0,15
Pagrus,auratus,-32.25,132.75,3313:122:2,50,18.06,35.99,951,0,23
Pagrus,auratus,-32.25,133.25,3313:123:1,23,18.03,35.99,960,0,18
Pagrus,auratus,-32.25,129.25,3312:229:1,49,18.24,36.02,898,0,88
Pagrus,auratus,-32.25,132.25,3313:122:1,48,18.06,35.99,864,0,86
Pagrus,auratus,-32.25,152.75,3315:122:2,94,21.75,35.65,747,0,23
Pagrus,auratus,-32.25,161.25,3316:121:1,1375,20.69,35.78,331,0,244
Pagrus,auratus,-32.25,152.25,3315:122:1,4,21.75,35.65,767,0,1
Pagrus,auratus,-32.25,132.75,3313:122:2,50,18.06,35.99,951,0,23
Pagrus,auratus,-32.25,128.75,3312:228:2,40,18.12,36.02,875,0,86
Pagrus,auratus,-32.25,132.25,3313:122:1,48,18.06,35.99,864,0,86
Pagrus,auratus,-32.25,128.25,3312:228:1,33,18.12,36.02,591,0,23
Pagrus,auratus,-32.25,161.25,3316:121:1,1375,20.69,35.78,331,0,244
Pagrus,auratus,-32.25,131.75,3313:121:2,61,18.2,35.99,788,0,88
Pagrus,auratus,-32.25,131.25,3313:121:1,67,18.2,35.99,745,0,97
Pagrus,auratus,-32.25,127.75,3312:227:2,26,18.18,36.02,469,0,19
Pagrus,auratus,-32.25,127.25,3312:227:1,41,18.18,36.02,438,0,13
Pagrus,auratus,-32.25,130.75,3313:120:2,58,18.25,36,737,0,88
Pagrus,auratus,-32.25,130.25,3313:120:1,49,18.25,36,789,0,88
Pagrus,auratus,-32.25,126.25,3312:226:1,36,18.27,35.81,404,0,13
Pagrus,auratus,-32.25,115.75,3311:225:2,14,20.6,35.65,583,0,14
Pagrus,auratus,-32.25,153.25,3315:123:1,2212,21.97,35.65,546,0,86
Pagrus,auratus,-31.75,153.25,3315:113:3,956,22.51,35.68,519,0,71
Pagrus,auratus,-31.75,152.75,3315:112:4,50,22.19,35.68,705,0,13
Pagrus,auratus,-31.75,132.75,3313:112:4,24,18.32,35.99,804,0,3
Pagrus,auratus,-31.75,132.25,3313:112:3,8,18.32,35.99,780,0,3
Pagrus,auratus,-31.75,153.25,3315:113:3,956,22.51,35.68,519,0,71
Pagrus,auratus,-31.75,152.75,3315:112:4,50,22.19,35.68,705,0,13
Pagrus,auratus,-31.75,132.75,3313:112:4,24,18.32,35.99,804,0,3
Pagrus,auratus,-31.75,132.25,3313:112:3,8,18.32,35.99,780,0,3
Pagrus,auratus,-31.75,129.75,3312:219:4,34,18.57,36.02,635,0,20
Pagrus,auratus,-31.75,131.75,3313:111:4,39,18.46,35.99,798,0,16
Pagrus,auratus,-31.75,129.25,3312:219:3,33,18.57,36.02,588,0,18
Pagrus,auratus,-31.75,131.25,3313:111:3,46,18.46,35.99,866,0,23
Pagrus,auratus,-31.75,159.25,3315:219:3,1595,21.35,35.78,339,0,23
Pagrus,auratus,-31.75,128.75,3312:218:4,27,18.41,36.02,365,0,12
Pagrus,auratus,-31.75,130.75,3313:110:4,43,18.54,36,824,0,22
Pagrus,auratus,-31.75,130.25,3313:110:3,35,18.54,36,844,0,22
Pagrus,auratus,-31.75,115.75,3311:215:4,18,20.84,35.5,492,0,13
Pagrus,auratus,-31.75,159.25,3315:219:3,1595,21.35,35.78,339,0,23
Pagrus,auratus,-31.25,153.25,3315:113:1,599,22.51,35.68,488,0,24
Pagrus,auratus,-31.25,114.75,3311:114:2,1511,20.92,35.5,537,0,87
Pagrus,auratus,-31.25,152.75,3315:112:2,11,22.19,35.68,759,0,2
Pagrus,auratus,-31.25,153.25,3315:113:1,599,22.51,35.68,488,0,24
Pagrus,auratus,-31.25,152.75,3315:112:2,11,22.19,35.68,759,0,2
Pagrus,auratus,-31.25,114.75,3311:114:2,1511,20.92,35.5,537,0,87
Pagrus,auratus,-30.75,114.75,3311:104:4,593,21.42,35.49,586,0,72
Pagrus,auratus,-30.75,153.25,3315:103:3,411,22.93,35.52,502,0,23
Pagrus,auratus,-30.75,153.25,3315:103:3,411,22.93,35.52,502,0,23
Pagrus,auratus,-30.75,114.75,3311:104:4,593,21.42,35.49,586,0,72
Pagrus,auratus,-30.25,153.75,3315:103:2,2732,22.93,35.52,484,0,72
Pagrus,auratus,-30.25,153.25,3315:103:1,91,22.93,35.52,706,0,18
Pagrus,auratus,-30.25,153.25,3315:103:1,91,22.93,35.52,706,0,18
Pagrus,auratus,-30.25,153.75,3315:103:2,2732,22.93,35.52,484,0,72
Pagrus,auratus,-29.75,153.75,3215:393:4,782,23.27,35.61,551,0,72
Pagrus,auratus,-29.75,153.25,3215:393:3,26,23.27,35.52,728,0,10
Pagrus,auratus,-29.75,153.75,3215:393:4,782,23.27,35.61,551,0,72
Pagrus,auratus,-29.75,153.25,3215:393:3,26,23.27,35.52,728,0,10
Pagrus,auratus,-29.25,154.25,3215:394:1,2985,23.09,35.61,423,0,88
Pagrus,auratus,-29.25,153.75,3215:393:2,298,23.27,35.61,702,0,50
Pagrus,auratus,-29.25,153.25,3215:393:1,19,23.27,35.61,740,0,6
Pagrus,auratus,-29.25,167.75,3216:497:2,1244,21.2,35.81,334,0,24
Pagrus,auratus,-29.25,154.25,3215:394:1,2985,23.09,35.61,423,0,88
Pagrus,auratus,-29.25,153.75,3215:393:2,298,23.27,35.61,702,0,50
Pagrus,auratus,-29.25,153.25,3215:393:1,19,23.27,35.61,740,0,6
Pagrus,auratus,-29.25,167.75,3216:497:2,1244,21.2,35.81,334,0,24
Pagrus,auratus,-28.75,154.25,3215:384:3,2877,23.4,35.59,423,0,73
Pagrus,auratus,-28.75,153.75,3215:383:4,219,23.57,35.59,532,0,21
Pagrus,auratus,-28.75,167.25,3216:487:3,2190,21.65,35.83,261,0,123
Pagrus,auratus,-28.75,154.25,3215:384:3,2877,23.4,35.59,423,0,73
Pagrus,auratus,-28.75,153.75,3215:383:4,219,23.57,35.59,532,0,21
Pagrus,auratus,-28.75,167.25,3216:487:3,2190,21.65,35.83,261,0,123
Pagrus,auratus,-28.25,154.25,3215:384:1,2019,23.4,35.59,424,0,88
Pagrus,auratus,-28.25,153.75,3215:383:2,145,23.57,35.59,538,0,22
Pagrus,auratus,-28.25,114.25,3211:384:1,32,22.17,35.47,214,0,18
Pagrus,auratus,-28.25,113.25,3211:383:1,564,22.29,35.47,651,0,98
Pagrus,auratus,-28.25,154.25,3215:384:1,2019,23.4,35.59,424,0,88
Pagrus,auratus,-28.25,153.75,3215:383:2,145,23.57,35.59,538,0,22
Pagrus,auratus,-28.25,113.25,3211:383:1,564,22.29,35.47,651,0,98
Pagrus,auratus,-27.75,153.75,3215:373:4,130,23.83,35.56,602,0,74
Pagrus,auratus,-27.75,113.75,3211:373:4,60,22.83,35.43,665,0,74
Pagrus,auratus,-27.75,153.75,3215:373:4,130,23.83,35.56,602,0,74
Pagrus,auratus,-27.25,153.75,3215:373:2,302,23.83,35.36,538,0,24
Pagrus,auratus,-27.25,153.25,3215:373:1,11,23.83,35.36,715,0,17
Pagrus,auratus,-27.25,153.75,3215:373:2,302,23.83,35.36,538,0,24
Pagrus,auratus,-27.25,153.25,3215:373:1,11,23.83,35.36,715,0,17
Pagrus,auratus,-26.75,153.75,3215:363:4,627,24.05,35.36,527,0,74
Pagrus,auratus,-26.75,153.25,3215:363:3,30,24.05,35.36,526,0,19
Pagrus,auratus,-26.75,113.25,3211:363:3,66,23.31,35.41,674,0,74
Pagrus,auratus,-26.75,112.75,3211:362:4,296,23.14,35.41,642,0,124
Pagrus,auratus,-26.75,153.75,3215:363:4,627,24.05,35.36,527,0,74
Pagrus,auratus,-26.75,153.25,3215:363:3,30,24.05,35.36,526,0,19
Pagrus,auratus,-26.25,153.75,3215:363:2,263,24.05,35.36,291,0,75
Pagrus,auratus,-26.25,153.25,3215:363:1,46,24.05,35.36,230,0,20
Pagrus,auratus,-26.25,112.75,3211:362:2,156,23.14,35.41,731,0,100
Pagrus,auratus,-26.25,112.25,3211:362:1,593,23.14,35.41,652,0,125
Pagrus,auratus,-26.25,153.75,3215:363:2,263,24.05,35.36,291,0,75
Pagrus,auratus,-26.25,153.25,3215:363:1,46,24.05,35.36,230,0,20
Pagrus,auratus,-25.75,153.75,3215:353:4,211,24.28,35.31,347,0,89
Pagrus,auratus,-25.75,153.25,3215:353:3,38,24.28,35.31,461,0,22
Pagrus,auratus,-25.75,112.75,3211:352:4,105,23.58,35.4,682,0,25
Pagrus,auratus,-25.75,114.25,3211:354:3,9,23.78,35.4,785,0,10
Pagrus,auratus,-25.75,113.75,3211:353:4,3,23.75,35.4,363,0,20
Pagrus,auratus,-25.75,113.25,3211:353:3,8,23.75,35.4,339,0,23
Pagrus,auratus,-25.75,153.75,3215:353:4,211,24.28,35.31,347,0,89
Pagrus,auratus,-25.75,153.25,3215:353:3,38,24.28,35.31,461,0,22
Pagrus,auratus,-25.25,153.75,3215:353:2,507,24.28,35.31,412,0,101
Pagrus,auratus,-25.25,153.25,3215:353:1,26,24.28,35.31,426,0,19
Pagrus,auratus,-25.25,152.75,3215:352:2,8,24.38,35.31,346,0,12
Pagrus,auratus,-25.25,113.75,3211:353:2,7,23.75,35.4,593,0,20
Pagrus,auratus,-25.25,112.75,3211:352:2,102,23.58,35.4,737,0,101
Pagrus,auratus,-25.25,100.25,3210:350:1,3968,21.62,35.55,201,0,1306
Pagrus,auratus,-25.25,153.75,3215:353:2,507,24.28,35.31,412,0,101
Pagrus,auratus,-25.25,153.25,3215:353:1,26,24.28,35.31,426,0,19
Pagrus,auratus,-25.25,152.75,3215:352:2,8,24.38,35.31,346,0,12
Pagrus,auratus,-24.75,153.75,3215:143:4,1945,24.56,35.36,424,0,101
Pagrus,auratus,-24.75,153.25,3215:143:3,40,24.56,35.36,393,0,24
Pagrus,auratus,-24.75,152.75,3215:142:4,29,24.65,35.36,157,0,50
Pagrus,auratus,-24.75,152.25,3215:142:3,56,24.65,35.43,365,0,8
Pagrus,auratus,-24.75,153.75,3215:143:4,1945,24.56,35.36,424,0,101
Pagrus,auratus,-24.75,153.25,3215:143:3,40,24.56,35.36,393,0,24
Pagrus,auratus,-24.75,112.25,3211:142:3,419,24,35.29,623,0,136
Pagrus,auratus,-24.75,152.75,3215:142:4,29,24.65,35.36,157,0,50
Pagrus,auratus,-24.75,152.25,3215:142:3,56,24.65,35.43,365,0,8
Pagrus,auratus,-24.75,112.75,3211:142:4,93,24,35.29,793,0,90
Pagrus,auratus,-24.75,112.25,3211:142:3,419,24,35.29,623,0,136
Pagrus,auratus,-24.25,112.75,3211:142:2,169,24,35.29,752,0,76
Pagrus,auratus,-24.25,155.25,3215:245:1,3679,24.36,35.55,384,0,261
Pagrus,auratus,-24.25,153.75,3215:143:2,2579,24.56,35.36,417,0,126
Pagrus,auratus,-24.25,153.25,3215:143:1,505,24.56,35.36,445,0,106
Pagrus,auratus,-24.25,152.75,3215:142:2,39,24.65,35.43,281,0,90
Pagrus,auratus,-24.25,152.25,3215:142:1,57,24.65,35.43,108,0,25
Pagrus,auratus,-24.25,155.25,3215:245:1,3679,24.36,35.55,384,0,261
Pagrus,auratus,-24.25,151.75,3215:141:2,12,24.57,35.45,451,0,5
Pagrus,auratus,-24.25,153.75,3215:143:2,2579,24.56,35.36,417,0,126
Pagrus,auratus,-24.25,153.25,3215:143:1,505,24.56,35.36,445,0,106
Pagrus,auratus,-24.25,113.25,3211:143:1,50,24.16,35.29,810,0,24
Pagrus,auratus,-24.25,152.75,3215:142:2,39,24.65,35.43,281,0,90
Pagrus,auratus,-24.25,152.25,3215:142:1,57,24.65,35.43,108,0,25
Pagrus,auratus,-24.25,151.75,3215:141:2,12,24.57,35.45,451,0,5
Pagrus,auratus,-23.75,152.75,3215:132:4,277,24.77,35.43,508,0,125
Pagrus,auratus,-23.75,113.25,3211:133:3,93,24.59,35.27,838,0,50
Pagrus,auratus,-23.75,152.25,3215:132:3,31,24.77,35.43,490,0,90
Pagrus,auratus,-23.75,151.75,3215:131:4,19,24.65,35.45,334,0,50
Pagrus,auratus,-23.75,152.75,3215:132:4,277,24.77,35.43,508,0,125
Pagrus,auratus,-23.75,152.25,3215:132:3,31,24.77,35.43,490,0,90
Pagrus,auratus,-23.75,151.75,3215:131:4,19,24.65,35.45,334,0,50
Pagrus,auratus,-23.25,155.75,3215:235:2,1216,24.69,35.52,326,0,355
Pagrus,auratus,-23.25,113.25,3211:133:1,309,24.59,35.27,785,0,77
Pagrus,auratus,-23.25,152.25,3215:132:1,128,24.77,35.43,576,0,125
Pagrus,auratus,-23.25,151.75,3215:131:2,9,24.65,35.45,147,0,97
Pagrus,auratus,-23.25,151.25,3215:131:1,18,24.65,35.45,346,0,25
Pagrus,auratus,-23.25,155.75,3215:235:2,1216,24.69,35.52,326,0,355
Pagrus,auratus,-23.25,153.75,3215:133:2,485,24.81,35.41,446,0,225
Pagrus,auratus,-23.25,152.25,3215:132:1,128,24.77,35.43,576,0,125
Pagrus,auratus,-23.25,151.75,3215:131:2,9,24.65,35.45,147,0,97
Pagrus,auratus,-23.25,151.25,3215:131:1,18,24.65,35.45,346,0,25
Pagrus,auratus,-22.75,152.25,3215:122:3,110,25.04,35.38,567,0,168
Pagrus,auratus,-22.75,151.75,3215:121:4,24,24.84,35.38,796,0,127
Pagrus,auratus,-22.75,151.25,3215:121:3,33,24.84,35.38,842,0,91
Pagrus,auratus,-22.75,152.75,3215:122:4,183,25.04,35.38,604,0,201
Pagrus,auratus,-22.75,152.25,3215:122:3,110,25.04,35.38,567,0,168
Pagrus,auratus,-22.75,151.75,3215:121:4,24,24.84,35.38,796,0,127
Pagrus,auratus,-22.75,151.25,3215:121:3,33,24.84,35.38,842,0,91
Pagrus,auratus,-22.75,152.75,3215:122:4,183,25.04,35.38,604,0,201
Pagrus,auratus,-22.25,152.75,3215:122:2,38,25.04,35.38,632,0,241
Pagrus,auratus,-22.25,152.25,3215:122:1,33,25.04,35.38,716,0,203
Pagrus,auratus,-22.25,151.75,3215:121:2,52,24.84,35.38,736,0,154
Pagrus,auratus,-22.25,151.25,3215:121:1,54,24.84,35.38,792,0,103
Pagrus,auratus,-22.25,153.25,3215:123:1,176,25.12,35.38,425,0,276
Pagrus,auratus,-22.25,150.25,3215:120:1,6,24.67,35.27,727,0,18
Pagrus,auratus,-22.25,152.75,3215:122:2,38,25.04,35.38,632,0,241
Pagrus,auratus,-22.25,152.25,3215:122:1,33,25.04,35.38,716,0,203
Pagrus,auratus,-22.25,151.75,3215:121:2,52,24.84,35.38,736,0,154
Pagrus,auratus,-22.25,151.25,3215:121:1,54,24.84,35.38,792,0,103
Pagrus,auratus,-22.25,150.25,3215:120:1,6,24.67,35.27,727,0,18
Pagrus,auratus,-22.25,153.25,3215:123:1,176,25.12,35.38,425,0,276
Pagrus,auratus,-21.75,152.75,3215:112:4,13,25.38,35.31,525,0,265
Pagrus,auratus,-21.75,151.75,3215:111:4,8,25.2,35.31,755,0,169
Pagrus,auratus,-21.75,151.25,3215:111:3,19,25.2,35.31,810,0,128
Pagrus,auratus,-21.75,150.25,3215:110:3,5,25,35.27,711,0,91
Pagrus,auratus,-21.75,152.75,3215:112:4,13,25.38,35.31,525,0,265
Pagrus,auratus,-21.75,151.75,3215:111:4,8,25.2,35.31,755,0,169
Pagrus,auratus,-21.75,151.25,3215:111:3,19,25.2,35.31,810,0,128
Pagrus,auratus,-21.75,150.25,3215:110:3,5,25,35.27,711,0,91
Pagrus,auratus,-21.25,114.25,3211:114:1,353,25.92,35.09,566,0,107
Pagrus,auratus,-21.25,152.75,3215:112:2,40,25.38,35.31,472,0,286
Pagrus,auratus,-21.25,152.75,3215:112:2,40,25.38,35.31,472,0,286
Pagrus,auratus,-20.25,154.75,3215:104:2,3092,25.73,35.31,283,0,485
Pagrus,auratus,-20.25,154.25,3215:104:1,2733,25.73,35.31,306,0,478
Pagrus,auratus,-20.25,154.75,3215:104:2,3092,25.73,35.31,283,0,485
Pagrus,auratus,-20.25,154.25,3215:104:1,2733,25.73,35.31,306,0,478
Pagrus,auratus,-20.25,117.25,3211:207:1,27,26.74,35.06,787,0,85
Pagrus,auratus,-20.25,116.75,3211:206:2,31,26.66,35.02,739,0,85
Pagrus,auratus,-20.25,116.25,3211:206:1,75,26.66,35.02,681,0,85
Pagrus,auratus,-20.25,115.25,3211:205:1,104,26.49,35.08,647,0,108
Pagrus,auratus,-19.75,117.25,3111:497:3,67,27.02,35.06,769,0,126
Pagrus,auratus,-19.75,116.75,3111:496:4,63,26.92,35.02,733,0,141
Pagrus,auratus,-19.75,116.25,3111:496:3,76,26.92,35.02,712,0,141
Pagrus,auratus,-19.25,148.75,3114:498:2,10,25.88,35.02,193,0,126
Pagrus,auratus,-19.25,148.25,3114:498:1,8,25.88,35.02,100,0,92
Pagrus,auratus,-19.25,147.25,3114:497:1,27,26.01,35.06,599,0,19
Pagrus,auratus,-19.25,119.25,3111:499:1,60,27.3,35.2,1103,0,108
Pagrus,auratus,-19.25,118.75,3111:498:2,70,27.12,35.13,962,0,129
Pagrus,auratus,-19.25,118.25,3111:498:1,64,27.12,35.13,779,0,141
Pagrus,auratus,-19.25,148.75,3114:498:2,10,25.88,35.02,193,0,126
Pagrus,auratus,-19.25,148.25,3114:498:1,8,25.88,35.02,100,0,92
Pagrus,auratus,-18.75,119.25,3111:489:3,105,27.52,35.02,555,0,164
Pagrus,auratus,-18.75,118.75,3111:488:4,130,27.44,34.97,533,0,176
Pagrus,auratus,-18.75,118.25,3111:488:3,155,27.44,34.98,495,0,196
Pagrus,auratus,-18.25,120.25,3112:380:1,161,27.52,35.03,592,0,192
Pagrus,auratus,-17.75,146.75,3114:476:4,102,26.42,34.99,526,0,79
Pagrus,auratus,-17.75,146.75,3114:476:4,102,26.42,34.99,526,0,79
Pagrus,auratus,-17.25,146.25,3114:476:1,15,26.42,34.99,309,0,25
Pagrus,auratus,-17.25,146.25,3114:476:1,15,26.42,34.99,309,0,25
Pagrus,auratus,-16.25,138.75,3113:468:2,35,27.55,34.47,303,0,85
Pagrus,auratus,-16.25,138.25,3113:468:1,29,27.55,34.47,352,0,50
Pagrus,auratus,-16.25,138.75,3113:468:2,35,27.55,34.47,303,0,85
Pagrus,auratus,-16.25,138.25,3113:468:1,29,27.55,34.47,352,0,50
Pagrus,auratus,-16.25,120.75,3112:360:2,319,28.09,34.72,495,0,214
Pagrus,auratus,-15.75,137.75,3113:457:4,34,27.8,34.65,477,0,84
Pagrus,auratus,-15.75,137.75,3113:457:4,34,27.8,34.65,477,0,84
Pagrus,auratus,-15.25,137.25,3113:457:1,32,27.8,34.65,232,0,97
Pagrus,auratus,-15.25,137.25,3113:457:1,32,27.8,34.65,232,0,97
Pagrus,auratus,-14.75,148.25,3114:248:3,1305,27.13,35.05,263,0,353
Pagrus,auratus,-13.75,128.25,3112:238:3,142,28.75,35.18,1039,0,128
Pagrus,auratus,-13.75,128.25,3112:238:3,142,28.75,35.18,1039,0,128
Pagrus,auratus,-13.25,127.75,3112:237:2,116,28.79,35.13,1021,0,132
Pagrus,auratus,-13.25,127.75,3112:237:2,116,28.79,35.13,1021,0,132
Pagrus,auratus,-11.25,130.75,3113:110:2,15,28.74,34.4,768,0,19
Pagrus,auratus,-11.25,130.75,3113:110:2,15,28.74,34.4,768,0,19
Pagrus,auratus,-9.75,108.75,3010:498:4,3728,27.98,34.01,468,0,251
Pagrus,auratus,-9.75,108.75,3010:498:4,3728,27.98,34.01,468,0,251
Pagrus,auratus,-9.25,133.75,3013:393:2,73,28.16,34.22,825,0,284
Pagrus,auratus,-9.25,133.25,3013:393:1,74,28.16,34.22,809,0,277
Pagrus,auratus,-7.75,108.75,3010:478:4,60,28.4,33.88,613,0,19
Pagrus,auratus,-7.75,108.75,3010:478:4,60,28.4,33.88,613,0,19
Pagrus,auratus,1.75,118.25,1011:218:3,63,29.07,33.86,781,0,21
Pagrus,auratus,1.75,118.25,1011:218:3,63,29.07,33.86,781,0,21
Pagrus,auratus,2.25,120.75,1012:120:2,4942,29.15,33.93,497,0,167
Pagrus,auratus,2.25,120.75,1012:120:2,4942,29.15,33.93,497,0,167
Pagrus,auratus,8.25,127.25,1012:487:1,6996,28.9,34.11,172,0,133
Pagrus,auratus,9.75,117.75,1011:497:4,1294,28.9,33.56,446,0,110
Pagrus,auratus,12.75,124.25,1112:124:3,96,28.52,34.4,512,0,20
Pagrus,auratus,12.75,124.25,1112:124:3,96,28.52,34.4,512,0,20
Pagrus,auratus,20.25,114.75,1211:104:2,181,25.86,33.9,483,0,268
Pagrus,auratus,21.25,117.75,1211:217:2,919,25.96,34.05,338,0,170
Pagrus,auratus,21.25,117.75,1211:217:2,919,25.96,34.05,338,0,170
Pagrus,auratus,22.25,114.25,1211:124:1,10,24.72,33.79,1385,0,22
Pagrus,auratus,22.25,114.25,1211:124:1,10,24.72,33.79,1385,0,22
Pagrus,auratus,23.25,122.25,1212:132:1,4801,26.4,34.52,314,0,91
Pagrus,auratus,23.25,122.25,1212:132:1,4801,26.4,34.52,314,0,91
Pagrus,auratus,24.25,120.25,1212:140:1,41,24.17,33.75,939,0,24
Pagrus,auratus,24.25,120.25,1212:140:1,41,24.17,33.75,939,0,24
Pagrus,auratus,25.25,119.75,1211:459:2,22,21.42,33.72,1628,0,25
Pagrus,auratus,25.25,119.75,1211:459:2,22,21.42,33.72,1628,0,25
Pagrus,auratus,31.25,121.25,1312:111:1,5,17,30.7,1741,0,0
Pagrus,auratus,33.75,130.25,1313:130:3,21,21.08,33.86,547,0,19
Pagrus,auratus,34.75,138.25,1313:248:3,221,21.46,34.43,826,0,14
Pagrus,auratus,36.25,140.75,1314:360:2,150,19.95,34.2,773,0,18
Pagrus,auratus,36.25,140.75,1314:360:2,150,19.95,34.2,773,0,18
Pagrus,auratus,37.25,143.75,1314:373:2,7119,17.51,34.14,528,0,252
Pagrus,auratus,37.25,143.75,1314:373:2,7119,17.51,34.14,528,0,252
