Mapping parameters for Pseudocaranx dentex (White trevally),,,,,,,,,,
,,,,,,,,,,
"Cite AquaMaps itself as: Kaschner, K., K. Kesner-Reyes, C. Garilao, J. Rius-Barile, T. Rees, and R. Froese. 2016. AquaMaps: Predicted range maps for aquatic species. World wide web electronic publication, www.aquamaps.org, Version 08/2016. ",,,,,,,,,,
,,,,,,,,,,
,,,,,,,,,,
,,,,,,,,,,
Occurrence cells used for creating environmental envelope (n = 475),,,,,,,,,,
Genus,Species,Center Lat,Center Long,C-Square,Depth,SST,Salinity,Primary Production,Sea Ice Conc.,Distance to Land
Pseudocaranx,dentex,-46.75,168.75,3416:468:4,54,10.94,34.5,599,0,17
Pseudocaranx,dentex,-44.25,172.25,3417:142:1,74,11.39,34.36,513,0,78
Pseudocaranx,dentex,-44.25,171.75,3417:141:2,48,11.09,34.36,513,0,18
Pseudocaranx,dentex,-44.25,146.75,3414:246:2,1583,12.77,34.84,606,0,95
Pseudocaranx,dentex,-44.25,146.25,3414:246:1,1798,12.77,34.84,606,0,95
Pseudocaranx,dentex,-43.75,169.75,3416:239:4,53,14.62,34.9,759,0,1
Pseudocaranx,dentex,-43.75,169.25,3416:239:3,228,14.62,34.74,755,0,9
Pseudocaranx,dentex,-43.75,147.75,3414:237:4,422,13.49,34.88,617,0,96
Pseudocaranx,dentex,-43.75,146.75,3414:236:4,107,13.23,34.88,619,0,18
Pseudocaranx,dentex,-43.25,173.25,3417:133:1,53,12.32,34.5,747,0,20
Pseudocaranx,dentex,-43.25,169.75,3416:239:2,231,14.62,34.9,690,0,19
Pseudocaranx,dentex,-43.25,147.75,3414:237:2,78,13.49,34.88,580,0,17
Pseudocaranx,dentex,-43.25,147.25,3414:237:1,16,13.49,34.88,563,0,14
Pseudocaranx,dentex,-43.25,145.25,3414:235:1,1406,13.12,34.88,685,0,78
Pseudocaranx,dentex,-42.75,173.25,3417:123:3,57,13.05,34.5,638,0,7
Pseudocaranx,dentex,-42.75,171.25,3417:121:3,31,14.94,34.81,738,0,2
Pseudocaranx,dentex,-42.75,170.75,3417:120:4,133,14.91,34.81,1046,0,16
Pseudocaranx,dentex,-42.75,170.25,3417:120:3,233,14.91,34.81,1080,0,78
Pseudocaranx,dentex,-42.75,148.25,3414:228:3,198,14.75,35.16,474,0,20
Pseudocaranx,dentex,-42.75,147.75,3414:227:4,8,14.18,35.16,565,0,9
Pseudocaranx,dentex,-42.75,147.25,3414:227:3,1,14.18,34.88,507,0,2
Pseudocaranx,dentex,-42.25,178.75,3417:228:2,2308,14.31,34.92,828,0,277
Pseudocaranx,dentex,-42.25,144.75,3414:124:2,956,13.48,35,522,0,79
Pseudocaranx,dentex,-42.25,174.25,3417:124:1,909,13.63,34.77,1098,0,49
Pseudocaranx,dentex,-42.25,173.75,3417:123:2,311,13.05,34.77,883,0,10
Pseudocaranx,dentex,-42.25,171.25,3417:121:1,85,14.94,34.81,885,0,13
Pseudocaranx,dentex,-42.25,148.25,3414:228:1,63,14.75,35.16,462,0,18
Pseudocaranx,dentex,-42.25,145.25,3414:225:1,64,13.38,35,608,0,13
Pseudocaranx,dentex,-41.75,170.75,3417:110:4,318,15.06,35.08,712,0,79
Pseudocaranx,dentex,-41.75,174.25,3417:114:3,79,14.76,34.77,1148,0,15
Pseudocaranx,dentex,-41.75,171.75,3417:111:4,79,15.1,35.2,493,0,7
Pseudocaranx,dentex,-41.75,171.25,3417:111:3,130,15.1,35.08,1018,0,20
Pseudocaranx,dentex,-41.75,148.75,3414:218:4,893,15.35,35.25,555,0,62
Pseudocaranx,dentex,-41.25,148.75,3414:218:2,777,15.35,35.25,556,0,63
Pseudocaranx,dentex,-41.25,148.25,3414:218:1,40,15.35,35.25,589,0,9
Pseudocaranx,dentex,-41.25,146.75,3414:216:2,11,15,35.47,580,0,4
Pseudocaranx,dentex,-41.25,146.25,3414:216:1,22,15,35.47,684,0,5
Pseudocaranx,dentex,-41.25,145.75,3414:215:2,40,14.31,35.47,701,0,0
Pseudocaranx,dentex,-41.25,176.25,3417:216:1,730,15.11,35.11,973,0,20
Pseudocaranx,dentex,-41.25,175.75,3417:215:2,293,14.86,35.11,993,0,7
Pseudocaranx,dentex,-41.25,175.25,3417:215:1,174,14.86,35,1003,0,3
Pseudocaranx,dentex,-41.25,144.75,3414:114:2,58,14.1,35.25,702,0,12
Pseudocaranx,dentex,-41.25,144.25,3414:114:1,704,14.1,35.25,482,0,63
Pseudocaranx,dentex,-41.25,174.75,3417:114:2,160,14.76,35,962,0,17
Pseudocaranx,dentex,-41.25,174.25,3417:114:1,45,14.76,35,909,0,18
Pseudocaranx,dentex,-41.25,173.25,3417:113:1,60,14.64,35.02,677,0,9
Pseudocaranx,dentex,-41.25,172.25,3417:112:1,139,15.17,35.2,428,0,5
Pseudocaranx,dentex,-41.25,171.75,3417:111:2,110,15.1,35.2,1058,0,49
Pseudocaranx,dentex,-41.25,171.25,3417:111:1,186,15.1,35.2,916,0,79
Pseudocaranx,dentex,-40.75,174.75,3417:104:4,126,15.59,35,875,0,21
Pseudocaranx,dentex,-40.75,174.25,3417:104:3,89,15.59,35,805,0,84
Pseudocaranx,dentex,-40.75,148.75,3414:208:4,472,15.77,35.36,615,0,80
Pseudocaranx,dentex,-40.75,173.75,3417:103:4,47,15.9,35.02,161,0,21
Pseudocaranx,dentex,-40.75,148.25,3414:208:3,30,15.77,35.36,379,0,16
Pseudocaranx,dentex,-40.75,173.25,3417:103:3,43,15.9,35.02,390,0,20
Pseudocaranx,dentex,-40.75,147.75,3414:207:4,40,15.71,35.4,480,0,15
Pseudocaranx,dentex,-40.75,176.75,3417:206:4,492,15.7,35.34,940,0,49
Pseudocaranx,dentex,-40.75,172.75,3417:102:4,42,15.87,35.02,671,0,9
Pseudocaranx,dentex,-40.75,176.25,3417:206:3,58,15.7,35.11,827,0,9
Pseudocaranx,dentex,-40.75,145.75,3414:205:4,49,15.22,35.47,578,0,19
Pseudocaranx,dentex,-40.75,172.25,3417:102:3,81,15.87,35.2,717,0,13
Pseudocaranx,dentex,-40.75,145.25,3414:205:3,12,15.22,35.25,543,0,13
Pseudocaranx,dentex,-40.75,175.25,3417:205:3,49,15.44,35,966,0,5
Pseudocaranx,dentex,-40.75,171.75,3417:101:4,181,15.47,35.2,652,0,80
Pseudocaranx,dentex,-40.75,171.25,3417:101:3,370,15.47,35.2,542,0,117
Pseudocaranx,dentex,-40.75,144.75,3414:104:4,6,14.77,35.25,686,0,14
Pseudocaranx,dentex,-40.25,174.75,3417:104:2,84,15.59,35,762,0,64
Pseudocaranx,dentex,-40.25,174.25,3417:104:1,103,15.59,35,500,0,98
Pseudocaranx,dentex,-40.25,148.25,3414:208:1,6,15.77,35.36,467,0,14
Pseudocaranx,dentex,-40.25,173.75,3417:103:2,84,15.9,35.02,142,0,98
Pseudocaranx,dentex,-40.25,177.25,3417:207:1,900,16.02,35.34,883,0,64
Pseudocaranx,dentex,-40.25,173.25,3417:103:1,81,15.9,35.02,707,0,98
Pseudocaranx,dentex,-40.25,147.75,3414:207:2,41,15.71,35.4,521,0,21
Pseudocaranx,dentex,-40.25,176.75,3417:206:2,157,15.7,35.34,799,0,12
Pseudocaranx,dentex,-40.25,172.75,3417:102:2,105,15.87,35.31,775,0,90
Pseudocaranx,dentex,-40.25,172.25,3417:102:1,204,15.87,35.31,656,0,98
Pseudocaranx,dentex,-40.25,175.25,3417:205:1,47,15.44,35,916,0,10
Pseudocaranx,dentex,-40.25,144.75,3414:104:2,48,14.77,35.25,727,0,21
Pseudocaranx,dentex,-40.25,144.25,3414:104:1,42,14.77,35.25,538,0,21
Pseudocaranx,dentex,-40.25,143.75,3414:103:2,80,14.55,35.27,483,0,21
Pseudocaranx,dentex,-39.75,174.75,3317:394:4,28,16.04,35,1028,0,8
Pseudocaranx,dentex,-39.75,174.25,3317:394:3,36,16.04,35.25,689,0,18
Pseudocaranx,dentex,-39.75,173.75,3317:393:4,86,16.1,35.25,169,0,81
Pseudocaranx,dentex,-39.75,177.75,3317:497:4,715,16.37,35.45,849,0,86
Pseudocaranx,dentex,-39.75,177.25,3317:497:3,174,16.37,35.34,783,0,21
Pseudocaranx,dentex,-39.75,144.75,3314:394:4,58,15.09,35.41,740,0,86
Pseudocaranx,dentex,-39.75,148.75,3314:498:4,297,16.01,35.45,714,0,86
Pseudocaranx,dentex,-39.75,144.25,3314:394:3,19,15.09,35.41,483,0,17
Pseudocaranx,dentex,-39.75,148.25,3314:498:3,24,16.01,35.45,367,0,18
Pseudocaranx,dentex,-39.75,143.75,3314:393:4,70,14.94,35.38,301,0,19
Pseudocaranx,dentex,-39.75,176.75,3317:496:4,18,16.12,35.34,857,0,2
Pseudocaranx,dentex,-39.75,147.75,3314:497:4,29,15.73,35.45,638,0,20
Pseudocaranx,dentex,-39.25,173.75,3317:393:2,93,16.1,35.25,160,0,17
Pseudocaranx,dentex,-39.25,173.25,3317:393:1,123,16.1,35.25,133,0,86
Pseudocaranx,dentex,-39.25,178.25,3317:498:1,638,16.6,35.45,824,0,81
Pseudocaranx,dentex,-39.25,177.75,3317:497:2,52,16.37,35.45,920,0,20
Pseudocaranx,dentex,-39.25,177.25,3317:497:1,42,16.37,35.45,593,0,18
Pseudocaranx,dentex,-39.25,148.75,3314:498:2,571,16.01,35.45,779,0,113
Pseudocaranx,dentex,-39.25,148.25,3314:498:1,53,16.01,35.45,518,0,99
Pseudocaranx,dentex,-39.25,176.75,3317:496:2,6,16.12,35.34,955,0,2
Pseudocaranx,dentex,-39.25,147.75,3314:497:2,47,15.73,35.45,868,0,86
Pseudocaranx,dentex,-39.25,147.25,3314:497:1,52,15.73,35.45,716,0,21
Pseudocaranx,dentex,-39.25,146.25,3314:496:1,67,15.51,35.45,618,0,21
Pseudocaranx,dentex,-38.75,148.75,3314:488:4,1582,16.23,35.5,862,0,145
Pseudocaranx,dentex,-38.75,148.25,3314:488:3,111,16.23,35.5,294,0,114
Pseudocaranx,dentex,-38.75,147.75,3314:487:4,55,15.82,35.5,731,0,82
Pseudocaranx,dentex,-38.75,147.25,3314:487:3,44,15.82,35.45,752,0,49
Pseudocaranx,dentex,-38.75,146.75,3314:486:4,17,15.57,35.45,501,0,17
Pseudocaranx,dentex,-38.75,146.25,3314:486:3,14,15.57,35.45,693,0,10
Pseudocaranx,dentex,-38.75,145.75,3314:485:4,42,15.4,35.43,743,0,15
Pseudocaranx,dentex,-38.75,145.25,3314:485:3,58,15.4,35.43,773,0,82
Pseudocaranx,dentex,-38.75,174.75,3317:384:4,33,16.51,35.43,894,0,5
Pseudocaranx,dentex,-38.75,174.25,3317:384:3,68,16.51,35.43,523,0,20
Pseudocaranx,dentex,-38.75,173.75,3317:383:4,124,16.46,35.43,345,0,81
Pseudocaranx,dentex,-38.75,173.25,3317:383:3,135,16.46,35.43,364,0,114
Pseudocaranx,dentex,-38.75,178.75,3317:488:4,1291,17.1,35.52,790,0,82
Pseudocaranx,dentex,-38.75,142.75,3314:382:4,74,15.25,35.38,528,0,21
Pseudocaranx,dentex,-38.75,172.75,3317:382:4,292,16.38,35.4,484,0,146
Pseudocaranx,dentex,-38.75,178.25,3317:488:3,254,17.1,35.45,916,0,20
Pseudocaranx,dentex,-38.75,149.25,3314:489:3,2631,16.94,35.54,847,0,145
Pseudocaranx,dentex,-38.75,177.75,3317:487:4,32,17.15,35.45,971,0,3
Pseudocaranx,dentex,-38.25,148.75,3314:488:2,501,16.23,35.5,896,0,89
Pseudocaranx,dentex,-38.25,148.25,3314:488:1,81,16.23,35.5,273,0,82
Pseudocaranx,dentex,-38.25,147.75,3314:487:2,42,15.82,35.5,662,0,22
Pseudocaranx,dentex,-38.25,147.25,3314:487:1,18,15.82,35.5,621,0,9
Pseudocaranx,dentex,-38.25,150.25,3315:380:1,2794,17.46,35.52,862,0,114
Pseudocaranx,dentex,-38.25,145.25,3314:485:1,10,15.4,35.43,749,0,12
Pseudocaranx,dentex,-38.25,174.75,3317:384:2,44,16.51,35.43,852,0,12
Pseudocaranx,dentex,-38.25,174.25,3317:384:1,89,16.51,35.43,306,0,66
Pseudocaranx,dentex,-38.25,144.75,3314:384:2,30,15.29,35.41,751,0,19
Pseudocaranx,dentex,-38.25,144.25,3314:384:1,37,15.29,35.41,718,0,7
Pseudocaranx,dentex,-38.25,173.75,3317:383:2,315,16.46,35.43,471,0,109
Pseudocaranx,dentex,-38.25,142.25,3314:382:1,20,15.25,35.38,672,0,7
Pseudocaranx,dentex,-38.25,178.75,3317:488:2,368,17.1,35.52,870,0,66
Pseudocaranx,dentex,-38.25,141.75,3314:381:2,29,15.26,35.49,559,0,10
Pseudocaranx,dentex,-38.25,178.25,3317:488:1,34,17.1,35.52,909,0,8
Pseudocaranx,dentex,-38.25,149.75,3314:489:2,928,16.94,35.54,921,0,98
Pseudocaranx,dentex,-38.25,149.25,3314:489:1,795,16.94,35.54,897,0,89
Pseudocaranx,dentex,-37.75,178.25,3317:478:3,20,17.59,35.63,808,0,5
Pseudocaranx,dentex,-37.75,177.75,3317:477:4,132,17.89,35.63,767,0,10
Pseudocaranx,dentex,-37.75,177.25,3317:477:3,145,17.89,35.63,1056,0,20
Pseudocaranx,dentex,-37.75,176.75,3317:476:4,120,17.9,35.59,805,0,15
Pseudocaranx,dentex,-37.75,176.25,3317:476:3,10,17.9,35.59,689,0,8
Pseudocaranx,dentex,-37.75,150.75,3315:370:4,4149,18.21,35.54,810,0,115
Pseudocaranx,dentex,-37.75,150.25,3315:370:3,1042,18.21,35.54,869,0,82
Pseudocaranx,dentex,-37.75,149.75,3314:479:4,95,17.6,35.54,979,0,18
Pseudocaranx,dentex,-37.75,149.25,3314:479:3,69,17.6,35.54,945,0,12
Pseudocaranx,dentex,-37.75,148.75,3314:478:4,40,16.93,35.5,827,0,11
Pseudocaranx,dentex,-37.75,148.25,3314:478:3,31,16.93,35.5,659,0,10
Pseudocaranx,dentex,-37.75,147.75,3314:477:4,9,16.27,35.5,531,0,5
Pseudocaranx,dentex,-37.75,145.25,3314:475:3,21,15.8,35.43,802,0,1
Pseudocaranx,dentex,-37.75,44.75,3304:374:4,3375,18.31,35.51,368,0,1092
Pseudocaranx,dentex,-37.75,174.75,3317:374:4,58,17.13,35.38,617,0,16
Pseudocaranx,dentex,-37.75,174.25,3317:374:3,226,17.13,35.38,355,0,66
Pseudocaranx,dentex,-37.75,144.75,3314:374:4,19,15.72,35.41,632,0,4
Pseudocaranx,dentex,-37.75,139.75,3313:479:4,617,15.74,35.45,615,0,82
Pseudocaranx,dentex,-37.75,178.75,3317:478:4,241,17.59,35.5,985,0,22
Pseudocaranx,dentex,-37.25,176.25,3317:476:1,199,17.9,35.59,1078,0,82
Pseudocaranx,dentex,-37.25,175.75,3317:475:2,9,17.59,35.54,556,0,6
Pseudocaranx,dentex,-37.25,175.25,3317:475:1,33,17.59,35.54,769,0,3
Pseudocaranx,dentex,-37.25,150.75,3315:370:2,3972,18.21,35.54,704,0,89
Pseudocaranx,dentex,-37.25,150.25,3315:370:1,391,18.21,35.54,858,0,22
Pseudocaranx,dentex,-37.25,149.75,3314:479:2,9,17.6,35.54,889,0,2
Pseudocaranx,dentex,-37.25,174.75,3317:374:2,26,17.13,35.54,617,0,11
Pseudocaranx,dentex,-37.25,174.25,3317:374:1,242,17.13,35.38,358,0,82
Pseudocaranx,dentex,-37.25,139.75,3313:479:2,69,15.74,35.56,724,0,17
Pseudocaranx,dentex,-36.75,174.75,3317:364:4,8,17.6,35.54,558,0,10
Pseudocaranx,dentex,-36.75,139.25,3313:469:3,42,16.11,35.65,864,0,67
Pseudocaranx,dentex,-36.75,174.25,3317:364:3,75,17.6,35.54,497,0,19
Pseudocaranx,dentex,-36.75,138.75,3313:468:4,46,16.3,35.65,175,0,111
Pseudocaranx,dentex,-36.75,138.25,3313:468:3,68,16.3,35.65,150,0,150
Pseudocaranx,dentex,-36.75,173.75,3317:363:4,867,17.42,35.54,428,0,89
Pseudocaranx,dentex,-36.75,172.25,3317:362:3,1772,17.27,35.5,381,0,187
Pseudocaranx,dentex,-36.75,136.75,3313:466:4,2330,16.32,35.59,495,0,100
Pseudocaranx,dentex,-36.75,176.25,3317:466:3,451,18.08,35.59,851,0,89
Pseudocaranx,dentex,-36.75,175.75,3317:465:4,32,17.85,35.54,740,0,14
Pseudocaranx,dentex,-36.75,175.25,3317:465:3,20,17.85,35.54,844,0,19
Pseudocaranx,dentex,-36.75,150.75,3315:360:4,4009,19.09,35.65,659,0,83
Pseudocaranx,dentex,-36.75,150.25,3315:360:3,399,19.09,35.65,856,0,22
Pseudocaranx,dentex,-36.75,149.75,3314:469:4,9,18.45,35.65,808,0,2
Pseudocaranx,dentex,-36.25,139.25,3313:469:1,51,16.11,35.65,747,0,67
Pseudocaranx,dentex,-36.25,174.75,3317:364:2,30,17.6,35.54,420,0,14
Pseudocaranx,dentex,-36.25,174.25,3317:364:1,15,17.6,35.54,473,0,13
Pseudocaranx,dentex,-36.25,138.75,3313:468:2,56,16.3,35.65,522,0,98
Pseudocaranx,dentex,-36.25,173.75,3317:363:2,395,17.42,35.54,481,0,21
Pseudocaranx,dentex,-36.25,138.25,3313:468:1,57,16.3,35.65,368,0,100
Pseudocaranx,dentex,-36.25,137.75,3313:467:2,56,16.34,35.61,298,0,90
Pseudocaranx,dentex,-36.25,175.75,3317:465:2,94,17.85,35.54,786,0,22
Pseudocaranx,dentex,-36.25,175.25,3317:465:1,42,17.85,35.54,617,0,21
Pseudocaranx,dentex,-36.25,150.75,3315:360:2,3450,19.09,35.65,689,0,67
Pseudocaranx,dentex,-36.25,150.25,3315:360:1,300,19.09,35.65,825,0,17
Pseudocaranx,dentex,-36.25,122.25,3312:362:1,5266,16.5,35.5,523,0,311
Pseudocaranx,dentex,-35.75,174.75,3317:354:4,72,18.12,35.61,638,0,22
Pseudocaranx,dentex,-35.75,174.25,3317:354:3,3,18.12,35.54,417,0,2
Pseudocaranx,dentex,-35.75,138.75,3313:458:4,33,16.78,35.65,547,0,22
Pseudocaranx,dentex,-35.75,138.25,3313:458:3,38,16.78,35.65,571,0,18
Pseudocaranx,dentex,-35.75,137.75,3313:457:4,14,16.8,35.61,262,0,15
Pseudocaranx,dentex,-35.75,173.75,3317:353:4,77,17.98,35.54,520,0,6
Pseudocaranx,dentex,-35.75,173.25,3317:353:3,335,17.98,35.52,492,0,22
Pseudocaranx,dentex,-35.75,175.75,3317:455:4,301,18.25,35.61,540,0,101
Pseudocaranx,dentex,-35.75,175.25,3317:455:3,175,18.25,35.61,637,0,90
Pseudocaranx,dentex,-35.75,150.75,3315:350:4,1722,19.56,35.59,733,0,68
Pseudocaranx,dentex,-35.75,150.25,3315:350:3,56,19.56,35.65,829,0,12
Pseudocaranx,dentex,-35.25,-138.25,5313:458:1,4447,17.04,34.82,207,0,1004
Pseudocaranx,dentex,-35.25,174.75,3317:354:2,234,18.12,35.66,605,0,91
Pseudocaranx,dentex,-35.25,174.25,3317:354:1,40,18.12,35.66,596,0,14
Pseudocaranx,dentex,-35.25,118.25,3311:458:1,503,17.91,35.68,616,0,89
Pseudocaranx,dentex,-35.25,117.75,3311:457:2,205,17.84,35.68,617,0,22
Pseudocaranx,dentex,-35.25,117.25,3311:457:1,387,17.84,35.68,616,0,22
Pseudocaranx,dentex,-35.25,173.75,3317:353:2,1,17.98,35.65,475,0,1
Pseudocaranx,dentex,-35.25,116.75,3311:456:2,336,17.96,35.68,606,0,89
Pseudocaranx,dentex,-35.25,173.25,3317:353:1,72,17.98,35.65,590,0,12
Pseudocaranx,dentex,-35.25,172.75,3317:352:2,315,17.83,35.52,498,0,91
Pseudocaranx,dentex,-35.25,153.75,3315:353:2,4870,20.15,35.61,563,0,299
Pseudocaranx,dentex,-35.25,151.25,3315:351:1,2277,19.98,35.59,678,0,84
Pseudocaranx,dentex,-35.25,150.75,3315:350:2,184,19.56,35.59,796,0,20
Pseudocaranx,dentex,-35.25,150.25,3315:350:1,9,19.56,35.59,809,0,1
Pseudocaranx,dentex,-34.75,136.75,3313:246:4,36,17.09,35.7,484,0,91
Pseudocaranx,dentex,-34.75,136.25,3313:246:3,18,17.09,35.7,360,0,23
Pseudocaranx,dentex,-34.75,117.75,3311:247:4,1,18.42,35.68,565,0,0
Pseudocaranx,dentex,-34.75,173.75,3317:143:4,227,18.46,35.65,658,0,21
Pseudocaranx,dentex,-34.75,173.25,3317:143:3,58,18.46,35.65,496,0,19
Pseudocaranx,dentex,-34.75,172.75,3317:142:4,87,18.32,35.61,471,0,21
Pseudocaranx,dentex,-34.75,151.75,3315:141:4,3958,20.72,35.61,641,0,114
Pseudocaranx,dentex,-34.75,151.25,3315:141:3,842,20.72,35.61,708,0,69
Pseudocaranx,dentex,-34.75,150.75,3315:140:4,25,20.23,35.61,745,0,9
Pseudocaranx,dentex,-34.25,137.75,3313:247:2,15,17.07,35.61,407,0,3
Pseudocaranx,dentex,-34.25,136.75,3313:246:2,28,17.09,35.7,78,0,85
Pseudocaranx,dentex,-34.25,115.25,3311:245:1,39,19.3,35.72,617,0,11
Pseudocaranx,dentex,-34.25,132.75,3313:142:2,364,17.33,35.71,433,0,224
Pseudocaranx,dentex,-34.25,173.25,3317:143:1,896,18.46,35.65,625,0,92
Pseudocaranx,dentex,-34.25,172.75,3317:142:2,147,18.32,35.61,482,0,21
Pseudocaranx,dentex,-34.25,25.75,3302:245:2,187,21.31,35.36,1333,0,88
Pseudocaranx,dentex,-34.25,25.25,3302:245:1,117,21.31,35.36,1418,0,85
Pseudocaranx,dentex,-34.25,23.25,3302:143:1,114,20.11,35.38,1739,0,22
Pseudocaranx,dentex,-34.25,18.75,3301:248:2,66,17.47,35.47,2409,0,18
Pseudocaranx,dentex,-34.25,151.75,3315:141:2,1787,20.72,35.61,624,0,85
Pseudocaranx,dentex,-34.25,151.25,3315:141:1,181,20.72,35.61,735,0,21
Pseudocaranx,dentex,-34.25,150.75,3315:140:2,11,20.23,35.61,801,0,2
Pseudocaranx,dentex,-33.75,152.25,3315:132:3,2452,21.36,35.61,619,0,116
Pseudocaranx,dentex,-33.75,151.75,3315:131:4,335,21.15,35.61,535,0,69
Pseudocaranx,dentex,-33.75,151.25,3315:131:3,38,21.15,35.61,702,0,12
Pseudocaranx,dentex,-33.75,-78.75,5307:238:4,1732,16.92,34.22,464,0,23
Pseudocaranx,dentex,-33.75,121.75,3312:131:4,35,18.14,35.79,551,0,8
Pseudocaranx,dentex,-33.75,133.25,3313:133:3,87,17.8,35.86,541,0,154
Pseudocaranx,dentex,-33.75,132.75,3313:132:4,122,17.79,35.85,492,0,194
Pseudocaranx,dentex,-33.75,132.25,3313:132:3,320,17.79,35.85,423,0,218
Pseudocaranx,dentex,-33.75,131.75,3313:131:4,620,17.81,35.84,382,0,237
Pseudocaranx,dentex,-33.75,26.75,3302:236:4,66,21.88,35.38,1596,0,17
Pseudocaranx,dentex,-33.75,26.25,3302:236:3,47,21.88,35.38,1752,0,14
Pseudocaranx,dentex,-33.75,25.75,3302:235:4,11,21.46,35.36,1526,0,10
Pseudocaranx,dentex,-33.25,128.25,3312:238:1,429,17.79,35.84,629,0,150
Pseudocaranx,dentex,-33.25,127.75,3312:237:2,344,17.86,35.81,622,0,144
Pseudocaranx,dentex,-33.25,152.75,3315:132:2,3134,21.36,35.61,597,0,119
Pseudocaranx,dentex,-33.25,127.25,3312:237:1,292,17.86,35.81,627,0,144
Pseudocaranx,dentex,-33.25,152.25,3315:132:1,632,21.36,35.61,696,0,85
Pseudocaranx,dentex,-33.25,126.75,3312:236:2,358,17.97,35.81,624,0,144
Pseudocaranx,dentex,-33.25,126.25,3312:236:1,344,17.97,35.81,646,0,119
Pseudocaranx,dentex,-33.25,125.75,3312:235:2,100,18.04,35.84,354,0,97
Pseudocaranx,dentex,-33.25,151.75,3315:131:2,80,21.15,35.61,658,0,21
Pseudocaranx,dentex,-33.25,151.25,3315:131:1,2,21.15,35.61,538,0,1
Pseudocaranx,dentex,-33.25,124.75,3312:134:2,47,17.99,35.88,367,0,85
Pseudocaranx,dentex,-33.25,124.25,3312:134:1,39,17.99,35.88,506,0,20
Pseudocaranx,dentex,-33.25,132.25,3313:132:1,104,17.79,35.84,563,0,167
Pseudocaranx,dentex,-33.25,131.75,3313:131:2,124,17.81,35.84,545,0,192
Pseudocaranx,dentex,-33.25,131.25,3313:131:1,179,17.81,35.84,549,0,204
Pseudocaranx,dentex,-33.25,130.75,3313:130:2,293,17.82,35.84,549,0,199
Pseudocaranx,dentex,-33.25,130.25,3313:130:1,351,17.82,35.84,561,0,199
Pseudocaranx,dentex,-33.25,18.25,3301:238:1,34,17.06,35.4,1258,0,10
Pseudocaranx,dentex,-33.25,129.75,3312:239:2,262,17.8,35.85,579,0,199
Pseudocaranx,dentex,-33.25,129.25,3312:239:1,267,17.8,35.85,611,0,192
Pseudocaranx,dentex,-33.25,128.75,3312:238:2,427,17.79,35.84,628,0,167
Pseudocaranx,dentex,-32.75,128.75,3312:228:4,73,18.12,36.02,787,0,120
Pseudocaranx,dentex,-32.75,153.25,3315:123:3,3530,21.97,35.65,557,0,120
Pseudocaranx,dentex,-32.75,152.75,3315:122:4,709,21.75,35.65,654,0,86
Pseudocaranx,dentex,-32.75,152.25,3315:122:3,83,21.75,35.61,769,0,20
Pseudocaranx,dentex,-32.75,151.75,3315:121:4,20,21.47,35.61,736,0,5
Pseudocaranx,dentex,-32.75,133.25,3313:123:3,55,18.03,35.99,833,0,88
Pseudocaranx,dentex,-32.75,130.75,3313:120:4,81,18.25,36,665,0,143
Pseudocaranx,dentex,-32.25,167.25,3316:227:1,910,19.63,35.7,355,0,384
Pseudocaranx,dentex,-32.25,161.25,3316:121:1,1375,20.69,35.78,331,0,244
Pseudocaranx,dentex,-32.25,153.25,3315:123:1,2212,21.97,35.65,546,0,86
Pseudocaranx,dentex,-32.25,152.75,3315:122:2,94,21.75,35.65,747,0,23
Pseudocaranx,dentex,-32.25,152.25,3315:122:1,4,21.75,35.65,767,0,1
Pseudocaranx,dentex,-32.25,115.75,3311:225:2,14,20.6,35.65,583,0,14
Pseudocaranx,dentex,-32.25,115.25,3311:225:1,199,20.6,35.65,600,0,71
Pseudocaranx,dentex,-31.75,153.25,3315:113:3,956,22.51,35.68,519,0,71
Pseudocaranx,dentex,-31.75,152.75,3315:112:4,50,22.19,35.68,705,0,13
Pseudocaranx,dentex,-31.75,115.75,3311:215:4,18,20.84,35.5,492,0,13
Pseudocaranx,dentex,-31.75,159.25,3315:219:3,1595,21.35,35.78,339,0,23
Pseudocaranx,dentex,-31.75,158.75,3315:218:4,3584,21.53,35.76,330,0,95
Pseudocaranx,dentex,-31.75,130.75,3313:110:4,43,18.54,36,824,0,22
Pseudocaranx,dentex,-31.25,153.25,3315:113:1,599,22.51,35.68,488,0,24
Pseudocaranx,dentex,-31.25,152.75,3315:112:2,11,22.19,35.68,759,0,2
Pseudocaranx,dentex,-31.25,115.25,3311:215:1,62,20.84,35.5,641,0,22
Pseudocaranx,dentex,-31.25,159.25,3315:219:1,1913,21.35,35.78,347,0,103
Pseudocaranx,dentex,-30.75,153.25,3315:103:3,411,22.93,35.52,502,0,23
Pseudocaranx,dentex,-30.75,32.75,3303:102:4,3065,23.46,35.38,588,0,222
Pseudocaranx,dentex,-30.25,153.75,3315:103:2,2732,22.93,35.52,484,0,72
Pseudocaranx,dentex,-30.25,153.25,3315:103:1,91,22.93,35.52,706,0,18
Pseudocaranx,dentex,-30.25,159.25,3315:209:1,2494,21.65,35.79,315,0,215
Pseudocaranx,dentex,-29.75,31.25,3203:391:3,167,23.94,35.34,874,0,20
Pseudocaranx,dentex,-29.75,153.75,3215:393:4,782,23.27,35.61,551,0,72
Pseudocaranx,dentex,-29.75,153.25,3215:393:3,26,23.27,35.52,728,0,10
Pseudocaranx,dentex,-29.25,31.75,3203:391:2,74,23.94,35.34,1236,0,22
Pseudocaranx,dentex,-29.25,154.25,3215:394:1,2985,23.09,35.61,423,0,88
Pseudocaranx,dentex,-29.25,31.25,3203:391:1,18,23.94,35.34,858,0,4
Pseudocaranx,dentex,-29.25,-177.75,5217:497:2,1461,20.85,35.77,272,0,24
Pseudocaranx,dentex,-29.25,153.75,3215:393:2,298,23.27,35.61,702,0,50
Pseudocaranx,dentex,-29.25,-177.25,5217:497:1,2987,20.85,35.77,272,0,97
Pseudocaranx,dentex,-29.25,153.25,3215:393:1,19,23.27,35.61,740,0,6
Pseudocaranx,dentex,-29.25,168.25,3216:498:1,662,21.12,35.81,309,0,97
Pseudocaranx,dentex,-29.25,167.75,3216:497:2,1244,21.2,35.81,334,0,24
Pseudocaranx,dentex,-28.75,167.75,3216:487:4,857,21.65,35.83,297,0,104
Pseudocaranx,dentex,-28.75,167.25,3216:487:3,2190,21.65,35.83,261,0,123
Pseudocaranx,dentex,-28.75,154.25,3215:384:3,2877,23.4,35.59,423,0,73
Pseudocaranx,dentex,-28.75,153.75,3215:383:4,219,23.57,35.59,532,0,21
Pseudocaranx,dentex,-28.25,32.75,3203:382:2,872,24.35,35.29,612,0,24
Pseudocaranx,dentex,-28.25,154.25,3215:384:1,2019,23.4,35.59,424,0,88
Pseudocaranx,dentex,-28.25,153.75,3215:383:2,145,23.57,35.59,538,0,22
Pseudocaranx,dentex,-28.25,113.75,3211:383:2,32,22.29,35.47,421,0,24
Pseudocaranx,dentex,-27.75,-144.25,5214:374:3,2345,22.28,35.56,171,0,24
Pseudocaranx,dentex,-27.75,-48.25,5204:478:3,50,22.57,35.66,1389,0,24
Pseudocaranx,dentex,-27.25,-109.25,5210:479:1,2100,22.42,35.79,131,0,24
Pseudocaranx,dentex,-27.25,153.75,3215:373:2,302,23.83,35.36,538,0,24
Pseudocaranx,dentex,-27.25,153.25,3215:373:1,11,23.83,35.36,715,0,17
Pseudocaranx,dentex,-26.75,153.25,3215:363:3,30,24.05,35.36,526,0,19
Pseudocaranx,dentex,-26.25,-109.25,5210:469:1,3177,22.78,35.9,128,0,161
Pseudocaranx,dentex,-26.25,153.25,3215:363:1,46,24.05,35.36,230,0,20
Pseudocaranx,dentex,-25.75,153.25,3215:353:3,38,24.28,35.31,461,0,22
Pseudocaranx,dentex,-25.75,113.75,3211:353:4,3,23.75,35.4,363,0,20
Pseudocaranx,dentex,-25.75,113.25,3211:353:3,8,23.75,35.4,339,0,23
Pseudocaranx,dentex,-25.25,113.75,3211:353:2,7,23.75,35.4,593,0,20
Pseudocaranx,dentex,-25.25,113.25,3211:353:1,34,23.75,35.4,276,0,25
Pseudocaranx,dentex,-25.25,112.25,3211:352:1,321,23.58,35.4,638,0,125
Pseudocaranx,dentex,-24.75,47.25,3204:247:3,27,25.35,34.95,1036,0,17
Pseudocaranx,dentex,-24.75,-129.25,5212:249:3,3459,24.53,36.02,128,0,166
Pseudocaranx,dentex,-24.75,-46.25,5204:246:3,69,23.16,35.81,916,0,97
Pseudocaranx,dentex,-24.25,-128.25,5212:248:1,2607,24.51,36.06,130,0,25
Pseudocaranx,dentex,-24.25,-46.25,5204:246:1,38,23.16,35.81,1163,0,50
Pseudocaranx,dentex,-24.25,152.75,3215:142:2,39,24.65,35.43,281,0,90
Pseudocaranx,dentex,-24.25,112.25,3211:142:1,630,24,35.29,617,0,127
Pseudocaranx,dentex,-23.75,152.25,3215:132:3,31,24.77,35.43,490,0,90
Pseudocaranx,dentex,-23.25,164.25,3216:134:1,2449,24.11,35.73,258,0,247
Pseudocaranx,dentex,-23.25,-134.75,5213:134:2,2566,25.03,36.04,204,0,25
Pseudocaranx,dentex,-23.25,-44.75,5204:134:2,39,23.59,35.9,642,0,14
Pseudocaranx,dentex,-23.25,155.75,3215:235:2,1216,24.69,35.52,326,0,355
Pseudocaranx,dentex,-23.25,-44.25,5204:134:1,45,23.59,35.9,863,0,25
Pseudocaranx,dentex,-23.25,-42.25,5204:132:1,117,24.26,36.2,600,0,86
Pseudocaranx,dentex,-23.25,112.75,3211:132:2,925,24.42,35.27,634,0,125
Pseudocaranx,dentex,-22.75,-42.25,5204:122:3,40,24.41,36.2,775,0,5
Pseudocaranx,dentex,-22.25,11.75,3201:121:2,2607,18.22,35.27,1516,0,255
Pseudocaranx,dentex,-21.75,13.75,3201:113:4,101,16.66,35.11,2914,0,25
Pseudocaranx,dentex,-21.75,114.25,3211:114:3,42,25.92,35.09,866,0,24
Pseudocaranx,dentex,-21.25,165.75,3216:215:2,305,25.11,35.31,485,0,15
Pseudocaranx,dentex,-21.25,152.75,3215:112:2,40,25.38,35.31,472,0,286
Pseudocaranx,dentex,-21.25,56.25,3205:216:1,2995,25.31,35.13,226,0,104
Pseudocaranx,dentex,-20.75,55.75,3205:205:4,1984,25.63,35.11,224,0,23
Pseudocaranx,dentex,-20.75,55.25,3205:205:3,1880,25.63,35.11,225,0,23
Pseudocaranx,dentex,-19.75,158.75,3115:498:4,42,25.84,35.31,69,0,108
Pseudocaranx,dentex,-19.75,148.25,3114:498:3,28,25.88,35.02,174,0,24
Pseudocaranx,dentex,-18.25,-39.25,5103:489:1,27,25.91,37.08,618,0,50
Pseudocaranx,dentex,-17.75,-39.25,5103:479:3,14,26.12,36.93,614,0,15
Pseudocaranx,dentex,-17.75,-38.75,5103:478:4,32,26.32,36.93,191,0,79
Pseudocaranx,dentex,-16.75,148.75,3114:468:4,928,26.66,35.15,301,0,311
Pseudocaranx,dentex,-16.75,-39.25,5103:469:3,8,26.4,36.84,570,0,7
Pseudocaranx,dentex,-16.75,-5.25,5100:465:3,4489,22.41,36.52,238,0,177
Pseudocaranx,dentex,-15.75,-146.75,5114:456:4,556,28.04,36.07,320,0,131
Pseudocaranx,dentex,-15.75,-5.75,5100:455:4,2972,22.6,36.56,271,0,26
Pseudocaranx,dentex,-15.25,60.25,3106:350:1,303,26.46,34.83,332,0,620
Pseudocaranx,dentex,-15.25,-35.25,5103:455:1,4456,26.9,36.97,249,0,405
Pseudocaranx,dentex,-14.25,-169.25,5116:249:1,3244,28.4,35.3,176,0,27
Pseudocaranx,dentex,-14.25,-146.25,5114:246:1,2819,28.21,36.02,232,0,108
Pseudocaranx,dentex,-13.25,148.25,3114:238:1,4318,27.24,34.98,257,0,362
Pseudocaranx,dentex,-7.75,-14.25,5001:374:3,2441,26.02,35.99,321,0,27
Pseudocaranx,dentex,-7.75,147.75,3014:477:4,640,28.85,34.47,752,0,19
Pseudocaranx,dentex,-7.25,-13.25,5001:373:1,3379,25.95,35.99,334,0,179
Pseudocaranx,dentex,-5.25,-33.75,5003:353:2,4343,27.46,36.12,354,0,201
Pseudocaranx,dentex,-4.75,-37.25,5003:247:3,17,27.39,36.22,403,0,15
Pseudocaranx,dentex,6.25,-162.25,7016:362:1,2128,28.4,34.69,335,0,27
Pseudocaranx,dentex,8.75,51.75,1005:381:4,4247,26.86,35.59,920,0,146
Pseudocaranx,dentex,10.25,51.25,1105:101:1,72,26.82,35.15,1536,0,26
Pseudocaranx,dentex,11.75,-72.75,7107:112:4,116,27.04,36.02,808,0,18
Pseudocaranx,dentex,15.75,-21.25,7102:351:3,3952,24.3,35.83,1005,0,223
Pseudocaranx,dentex,16.25,-22.75,7102:362:2,765,23.89,36,950,0,22
Pseudocaranx,dentex,16.75,-22.75,7102:362:4,1538,23.89,36,826,0,26
Pseudocaranx,dentex,18.75,-93.25,7109:383:3,72,26.72,36.08,1052,0,85
Pseudocaranx,dentex,18.75,-92.25,7109:382:3,13,26.96,36.11,843,0,16
Pseudocaranx,dentex,19.25,-158.25,7115:498:1,4325,25.88,34.83,237,0,275
Pseudocaranx,dentex,20.25,114.75,1211:104:2,181,25.86,33.9,483,0,268
Pseudocaranx,dentex,20.75,-156.75,7215:206:4,259,25.41,34.93,191,0,21
Pseudocaranx,dentex,21.25,-93.75,7209:113:2,2795,26.62,36.34,354,0,328
Pseudocaranx,dentex,22.25,120.75,1212:120:2,249,26.32,34.4,532,0,15
Pseudocaranx,dentex,22.25,114.25,1211:124:1,10,24.72,33.79,1385,0,22
Pseudocaranx,dentex,23.25,-163.25,7216:133:1,2571,24.96,35.12,225,0,204
Pseudocaranx,dentex,23.25,122.25,1212:132:1,4801,26.4,34.52,314,0,91
Pseudocaranx,dentex,23.25,121.25,1212:131:1,147,26.05,34.4,516,0,5
Pseudocaranx,dentex,24.25,120.75,1212:140:2,11,24.17,33.72,650,0,3
Pseudocaranx,dentex,24.25,120.25,1212:140:1,41,24.17,33.75,939,0,24
Pseudocaranx,dentex,24.75,-167.75,7216:247:4,1568,24.81,35.18,194,0,106
Pseudocaranx,dentex,24.75,121.75,1212:141:4,251,25.05,34.5,719,0,8
Pseudocaranx,dentex,24.75,120.25,1212:140:3,65,24.17,33.72,1071,0,76
Pseudocaranx,dentex,25.25,-170.75,7217:350:2,2174,24.5,35.24,329,0,165
Pseudocaranx,dentex,25.75,-169.25,7216:459:3,2392,24.46,35.23,230,0,211
Pseudocaranx,dentex,25.75,129.25,1212:459:3,6181,25.37,34.72,262,0,199
Pseudocaranx,dentex,25.75,-80.25,7208:350:3,41,26.56,36.27,533,0,12
Pseudocaranx,dentex,26.25,-174.75,7217:364:2,4228,24.23,35.26,226,0,150
Pseudocaranx,dentex,26.75,142.25,1214:362:3,764,24.99,34.79,267,0,24
Pseudocaranx,dentex,26.75,127.75,1212:467:4,197,25.41,34.61,335,0,23
Pseudocaranx,dentex,27.25,-175.75,7217:475:2,4392,23.67,35.23,269,0,234
Pseudocaranx,dentex,27.25,143.25,1214:373:1,7470,24.49,34.79,258,0,148
Pseudocaranx,dentex,27.25,142.25,1214:372:1,748,24.41,34.77,296,0,24
Pseudocaranx,dentex,27.75,-177.75,7217:477:4,3840,23.78,35.25,257,0,123
Pseudocaranx,dentex,27.75,-175.75,7217:475:4,2312,23.67,35.23,278,0,207
Pseudocaranx,dentex,27.75,-17.75,7201:477:4,2501,21.4,36.75,397,0,24
Pseudocaranx,dentex,27.75,-15.25,7201:475:3,1604,20.78,36.63,471,0,23
Pseudocaranx,dentex,28.25,-178.25,7217:488:1,2951,23.07,35.22,307,0,147
Pseudocaranx,dentex,28.25,-177.25,7217:487:1,2463,23.04,35.2,282,0,24
Pseudocaranx,dentex,28.25,-17.25,7201:487:1,1127,21.19,36.72,405,0,22
Pseudocaranx,dentex,28.25,-16.25,7201:486:1,1422,21.01,36.52,391,0,21
Pseudocaranx,dentex,28.25,-14.25,7201:384:1,874,20.47,36.54,592,0,21
Pseudocaranx,dentex,28.75,-176.75,7217:486:4,3861,23.01,35.18,283,0,123
Pseudocaranx,dentex,28.75,-17.75,7201:487:4,1295,21.19,36.72,375,0,20
Pseudocaranx,dentex,28.75,-15.25,7201:485:3,3576,20.76,36.52,366,0,104
Pseudocaranx,dentex,29.75,-15.75,7201:495:4,3516,20.63,36.63,332,0,104
Pseudocaranx,dentex,31.25,29.75,1302:219:2,162,21.36,38.86,668,0,22
Pseudocaranx,dentex,31.25,17.25,1301:217:1,78,21.21,38.27,354,0,17
Pseudocaranx,dentex,31.25,130.75,1313:110:2,71,23.54,34.52,256,0,15
Pseudocaranx,dentex,31.25,-80.75,7308:110:2,20,23.96,35.18,1759,0,71
Pseudocaranx,dentex,31.25,130.25,1313:110:1,236,23.54,34.31,483,0,19
Pseudocaranx,dentex,31.25,-79.75,7307:219:2,191,24.54,35.66,469,0,156
Pseudocaranx,dentex,32.25,-15.75,7301:225:2,4373,20.09,36.63,324,0,156
Pseudocaranx,dentex,32.25,-64.75,7306:124:2,1577,22.9,36.47,385,0,23
Pseudocaranx,dentex,32.25,-63.25,7306:123:1,4526,22.95,36.49,320,0,188
Pseudocaranx,dentex,32.25,34.75,1303:124:2,242,22.07,39,443,0,17
Pseudocaranx,dentex,32.25,34.25,1303:124:1,1104,22.07,39.09,330,0,71
Pseudocaranx,dentex,32.25,-17.25,7301:227:1,4099,20.32,36.65,297,0,103
Pseudocaranx,dentex,32.75,-16.75,7301:226:4,1319,20.19,36.65,323,0,20
Pseudocaranx,dentex,32.75,27.75,1302:227:4,3141,21.11,38.93,301,0,192
Pseudocaranx,dentex,32.75,30.25,1303:120:3,2064,21.27,39,306,0,168
Pseudocaranx,dentex,32.75,-17.25,7301:227:3,2290,20.32,36.65,311,0,21
Pseudocaranx,dentex,33.25,20.25,1302:130:1,2673,20.71,38.58,322,0,97
Pseudocaranx,dentex,33.25,-77.75,7307:237:2,58,24.33,35.97,946,0,97
Pseudocaranx,dentex,33.25,-77.25,7307:237:1,172,24.33,35.97,816,0,119
Pseudocaranx,dentex,33.75,35.25,1303:235:3,1284,21.83,39,343,0,22
Pseudocaranx,dentex,34.25,10.75,1301:140:2,34,21.03,37.49,668,0,69
Pseudocaranx,dentex,34.25,-76.75,7307:246:2,30,22.84,36.15,727,0,84
Pseudocaranx,dentex,34.25,34.75,1303:144:2,1979,21.8,39.15,309,0,115
Pseudocaranx,dentex,34.25,31.25,1303:141:1,2526,21.14,39.31,312,0,153
Pseudocaranx,dentex,34.75,29.75,1302:249:4,2502,20.62,39.11,325,0,200
Pseudocaranx,dentex,35.25,-2.75,7300:352:2,110,18.72,36.49,606,0,15
Pseudocaranx,dentex,35.25,139.75,1313:459:2,172,20.45,34.43,749,0,15
Pseudocaranx,dentex,35.25,35.75,1303:455:2,863,21.91,39.04,353,0,21
Pseudocaranx,dentex,35.25,35.25,1303:455:1,1218,21.91,39.04,335,0,68
Pseudocaranx,dentex,35.25,32.75,1303:352:2,609,21.49,39.11,337,0,14
Pseudocaranx,dentex,35.75,-3.75,7300:353:4,1050,18.6,36.52,693,0,89
Pseudocaranx,dentex,35.75,-0.75,7300:350:4,1162,19.1,37.29,570,0,12
Pseudocaranx,dentex,35.75,14.25,1301:354:3,585,20.33,37.72,373,0,22
Pseudocaranx,dentex,35.75,13.75,1301:353:4,684,20.2,37.61,378,0,90
Pseudocaranx,dentex,36.25,12.25,1301:362:1,444,19.79,37.5,409,0,100
Pseudocaranx,dentex,36.25,140.75,1314:360:2,150,19.95,34.2,773,0,18
Pseudocaranx,dentex,36.25,21.25,1302:361:1,3893,19.76,38.9,340,0,116
Pseudocaranx,dentex,36.75,10.25,1301:360:3,35,19.4,37.34,465,0,4
Pseudocaranx,dentex,36.75,30.75,1303:360:4,587,21.17,39.11,413,0,15
Pseudocaranx,dentex,36.75,-27.25,7302:467:3,3216,19.72,36.25,374,0,218
Pseudocaranx,dentex,37.25,2.75,1300:372:2,2756,19.33,37.06,457,0,89
Pseudocaranx,dentex,37.25,143.75,1314:373:2,7119,17.51,34.14,528,0,252
Pseudocaranx,dentex,37.25,-24.75,7302:374:2,1586,19.06,36.2,372,0,89
Pseudocaranx,dentex,37.75,-25.75,7302:475:4,997,19.09,36.11,393,0,19
Pseudocaranx,dentex,37.75,24.25,1302:374:3,130,18.95,38.47,339,0,20
Pseudocaranx,dentex,38.25,-0.25,7300:380:1,224,18.93,37.5,429,0,21
Pseudocaranx,dentex,38.25,0.75,1300:380:2,1122,19.15,37.5,393,0,114
Pseudocaranx,dentex,38.75,-28.75,7302:488:4,1120,18.8,36.08,448,0,21
Pseudocaranx,dentex,38.75,-27.75,7302:487:4,1246,18.7,36.09,433,0,21
Pseudocaranx,dentex,39.75,12.75,1301:392:4,3382,19.19,37.85,365,0,183
